c,r
一,一
丁,一
@,一
七,一
A,一
B,一
C,一
万,一
丈,一
三,一
上,一
下,一
丌,一
不,一
与,一
D,一
丐,一
丑,一
E,一
专,一
且,一
丕,一
世,一
F,一
丘,丿
丙,一
业,一
丛,一
东,一
丝,一
丞,一
G,一
H,一
I,一
丢,丿
J,一
两,一
严,一
K,一
丧,一
丨,丨
L,丨
个,人
丫,丨
丬,丨
中,丨
M,丨
N,丨
丰,丨
O,丨
串,丨
P,丨
临,丨
Q,业
丶,丶
R,丶
丸,丿
丹,丿
为,丶
主,丶
S,丶
丽,一
举,丶
丿,丿
T,丿
U,丿
V,丿
乃,丿
W,丿
久,丿
X,丿
乇,丿
么,丿
义,丶
Y,丿
之,丶
乌,丿
乍,丿
乎,丿
乏,丿
乐,丿
Z,丿
乒,丿
乓,丿
乔,丿
[,丿
乖,丿
\,丿
乘,丿
乙,乙
],]
^,乙
乜,乙
九,丿
乞,乙
也,乙
习,乙
乡,乙
_,]
`,]
a,乙
b,乙
书,^
c,乙
d,]
乩,乙
e,乙
f,乙
g,乙
h,乙
i,乙
j,乙
买,乙
乱,乙
k,乙
乳,]
l,乙
m,]
n,乙
o,乙
p,乙
q,]
r,乙
s,乙
t,乙
u,乙
乾,乙
v,]
w,刀
x,十
y,]
z,]
{,]
|,|
了,^
},丿
予,^
争,刀
~,|
事,|
二,二
亍,二
于,二
亏,二
,二
云,二
互,二
亓,二
五,二
井,二
,二
,二
亘,二
,二
亚,二
些,二
,二
,厶
,二
亟,二
亠,亠
亡,亠
亢,亠
,亠
交,亠
亥,亠
亦,亠
产,亠
亨,亠
亩,亠
,亠
享,亠
京,亠
亭,亠
亮,亠
,亠
,亠
,亠
亲,亠
亳,亠
,亠
亵,亠
,亠
,亠
,亠
,亠
人,人
亻,亻
,人
,人
,人
亿,亻
什,亻
仁,亻
仂,亻
仃,亻
仄,人
仅,亻
仆,亻
仇,亻
,亻
仉,亻
今,人
介,人
,人
仍,亻
从,人
,亻
,人
仑,人
,人
仓,人
仔,亻
仕,亻
他,亻
仗,亻
付,亻
仙,亻
,人
,亻
,亻
仝,人
仞,亻
仟,亻
,亻
仡,亻
,亻
代,亻
令,人
以,人
,亻
,人
仨,亻
,亻
仪,亻
仫,亻
们,亻
,亻
,亻
,亻
仰,亻
,亻
仲,亻
仳,亻
,亻
仵,亻
件,亻
价,亻
,亻
,亻
,人
任,亻
,亻
伍,亻
伎,亻
伏,亻
伐,亻
休,亻
,亻
,亻
,亻
,亻
,亻
众,人
优,亻
伙,亻
会,人
伛,亻
,亻
,亻
伞,人
伟,亻
传,亻
,亻
伢,亻
,亻
伤,亻
伥,亻
伦,亻
伧,亻
,亻
,亻
伪,亻
伫,亻
,亻
,亻
,亻
伯,亻
估,亻
,亻
伲,亻
,亻
伴,亻
,亻
伶,亻
,亻
伸,亻
,亻
伺,亻
,亻
似,亻
伽,亻
,亻
,亻
,亻
,亻
,亻
佃,亻
,亻
,亻
但,亻
,亻
,亻
,亻
,亻
,亻
,亻
位,亻
低,亻
住,亻
佐,亻
佑,亻
,亻
体,亻
,亻
何,亻
,亻
佗,亻
佘,人
余,人
佚,亻
佛,亻
作,亻
佝,亻
佞,亻
佟,亻
你,亻
,亻
,亻
佣,亻
佤,亻
佥,人
,亻
佧,亻
,亻
佩,亻
,亻
,亻
佬,亻
,亻
,亻
佯,亻
佰,亻
,亻
,亻
佳,亻
佴,亻
,亻
佶,亻
,亻
,亻
,亻
,亻
佻,亻
佼,亻
,亻
佾,亻
使,亻
,亻
,亻
,亻
侃,亻
侄,亻
,亻
,亻
,亻
侈,亻
侉,亻
,亻
例,亻
,人
侍,亻
,亻
侏,亻
,亻
侑,亻
,亻
,亻
侔,亻
,亻
,人
侗,亻
,亻
,亻
,亻
供,亻
,亻
依,亻
,亻
,亻
侠,亻
,亻
,亻
侣,亻
@,亻
侥,亻
侦,亻
侧,亻
侨,亻
侩,亻
侪,亻
A,亻
侬,亻
B,亻
侮,亻
侯,亻
C,亻
D,亻
E,亻
F,亻
G,人
侵,亻
H,亻
I,亻
J,亻
K,亻
L,亻
M,亻
N,亻
O,亻
P,亻
便,亻
Q,亻
R,亻
S,亻
促,亻
俄,亻
俅,亻
T,亻
U,亻
V,亻
W,亻
俊,亻
X,亻
Y,亻
Z,亻
俎,人
俏,亻
俐,亻
俑,亻
[,亻
\,亻
],亻
^,亻
_,亻
俗,亻
俘,亻
`,亻
俚,亻
a,亻
俜,亻
保,亻
俞,人
俟,亻
b,亻
信,亻
c,亻
俣,亻
d,亻
e,亻
俦,亻
f,亻
俨,亻
俩,亻
俪,亻
g,亻
h,亻
俭,亻
修,亻
俯,亻
i,亻
俱,亻
j,亻
俳,亻
k,亻
l,亻
m,亻
n,亻
俸,亻
o,亻
俺,亻
p,亻
q,亻
r,亻
俾,亻
s,亻
t,亻
u,亻
v,亻
w,亻
x,亻
y,亻
z,亻
{,亻
|,亻
},人
~,亻
,亻
倌,亻
倍,亻
,亻
倏,亻
,亻
,亻
倒,亻
,亻
倔,亻
,亻
,亻
,亻
倘,亻
候,亻
倚,亻
,亻
倜,亻
,人
,亻
借,亻
,亻
倡,亻
,亻
,亻
,亻
倥,亻
倦,亻
,亻
倨,亻
倩,亻
倪,亻
,亻
倬,亻
倭,亻
倮,亻
,亻
,亻
,亻
,亻
,亻
,亻
,亻
,亻
,亻
,亻
,亻
债,亻
,亻
值,亻
,亻
倾,亻
,亻
,亻
,亻
,亻
偃,亻
,亻
,亻
,亻
假,亻
偈,亻
,亻
,亻
,亻
偌,亻
,亻
偎,亻
偏,亻
,亻
,亻
,亻
,亻
,亻
偕,亻
,亻
,亻
,亻
,亻
做,亻
,亻
停,亻
,亻
,亻
,亻
,亻
,亻
,亻
,亻
,亻
健,亻
,亻
,亻
,亻
,亻
,亻
,亻
偬,亻
,亻
,亻
,亻
,亻
,亻
,亻
,亻
,亻
,亻
偶,亻
偷,亻
,亻
,亻
,亻
偻,亻
,亻
,亻
偾,亻
偿,亻
傀,亻
,亻
,亻
,亻
,亻
傅,亻
,亻
,亻
傈,亻
,亻
,亻
,亻
,亻
傍,亻
,亻
,亻
,亻
,亻
,亻
,亻
,亻
,亻
,亻
,亻
,人
,亻
,亻
,亻
,亻
,亻
,亻
,亻
,亻
,亻
,亻
傣,亻
,亻
傥,亻
,亻
傧,亻
储,亻
傩,亻
,亻
,亻
催,亻
,亻
,亻
,亻
,亻
,亻
傲,亻
,亻
,亻
,亻
,亻
,亻
,亻
,亻
傺,亻
傻,亻
,亻
@,亻
A,亻
B,亻
C,亻
D,亻
E,亻
F,亻
G,亻
H,亻
I,亻
J,亻
K,亻
L,人
M,亻
N,亻
O,亻
P,亻
Q,亻
像,亻
R,亻
S,亻
T,亻
U,亻
V,亻
W,亻
僖,亻
X,亻
Y,亻
Z,亻
僚,亻
[,亻
\,亻
],亻
^,亻
_,亻
`,亻
a,亻
b,亻
c,亻
d,亻
e,亻
僦,亻
僧,亻
f,亻
g,亻
h,亻
i,亻
僬,亻
僭,亻
僮,亻
j,亻
k,人
l,亻
m,亻
僳,亻
n,亻
僵,亻
o,亻
p,亻
q,亻
r,亻
s,亻
僻,亻
t,亻
u,亻
v,亻
w,亻
x,亻
y,亻
z,亻
{,亻
|,亻
},亻
儆,亻
儇,亻
~,亻
,亻
,亻
儋,亻
,亻
,亻
,亻
,亻
,亻
,亻
儒,亻
,亻
,亻
,亻
,亻
,亻
,亻
,亻
,亻
,亻
,亻
,亻
,亻
,亻
,亻
儡,亻
,亻
,亻
,亻
,亻
,亻
,亻
,亻
,亻
,亻
,亻
,亻
,亻
,亻
,亻
,亻
,亻
,亻
,亻
,亻
,亻
,亻
,亻
,亻
,亻
,亻
,亻
,亻
,亻
,亻
儿,儿
兀,儿
允,儿
,儿
元,二
兄,儿
充,亠
兆,儿
,儿
先,儿
光,儿
,儿
克,十
,八
免,刀
,儿
,厂
,儿
兑,R
,儿
,儿
兔,刀
兕,儿
兖,亠
,亠
,儿
,克
党,儿
,克
兜,儿
,克
,克
,先
,儿
,克
兢,儿
,克
,儿
入,入
,入
,入
全,入
,一
,入
八,八
公,八
六,八
兮,八
,R
兰,R
共,八
,八
关,R
兴,八
兵,八
其,八
具,八
典,八
兹,R
,八
养,R
兼,R
兽,R
,R
,R
冀,八
冁,R
冂,冂
,冂
,冂
内,冂
,冂
,冂
冈,冂
冉,冂
,冂
,冂
册,丿
再,冂
,冂
,冂
,冂
,冂
冒,冂
,冂
,冂
冕,冂
冖,冖
冗,冖
,冖
写,冖
,冖
军,冖
农,冖
,冖
,冖
,冖
冠,冖
,冖
冢,冖
,冖
冤,冖
冥,冖
,冖
,冖
,冖
,冖
,冖
冫,冫
冬,夂
,冫
,冫
冯,冫
冰,冫
冱,冫
冲,冫
决,冫
,冫
况,冫
冶,冫
冷,冫
,冫
,冫
,冫
冻,冫
冼,冫
冽,冫
,冫
,冫
净,冫
,冫
,冫
,冫
凄,冫
,冫
准,冫
凇,冫
,冫
凉,冫
,冫
凋,冫
凌,冫
,冫
,冫
减,冫
,冫
凑,冫
,冫
,冫
,冫
,冫
,冫
,冫
@,冫
A,冫
B,冫
凛,冫
C,冫
凝,冫
D,冫
E,冫
几,几
凡,几
F,几
G,几
凤,几
H,几
I,几
J,几
K,几
L,几
M,几
凫,几
N,几
凭,几
O,几
凯,几
凰,几
P,己
Q,几
凳,几
R,几
凵,凵
凶,凵
S,凵
凸,凵
凹,凵
出,凵
击,凵
凼,凵
函,凵
T,凵
凿,凵
刀,刀
刁,刀
刂,刂
刃,刀
U,刀
V,刀
分,刀
切,刀
刈,刂
W,刂
刊,刂
X,刂
Y,刂
刍,刀
刎,刂
Z,刂
[,刂
刑,刂
划,刂
\,刂
],刂
^,刀
刖,刂
列,刂
刘,刂
则,刂
刚,刂
创,刂
_,刂
初,刀
`,刂
a,刂
删,刂
b,刂
c,刂
d,刂
判,刂
e,刂
f,刂
g,刀
刨,刂
利,刂
h,刂
别,刂
i,刂
刭,刂
刮,刂
j,刂
到,刂
k,刀
l,刂
刳,刂
m,刂
n,刂
制,刂
刷,刂
券,刀
刹,刂
刺,刂
刻,刂
o,刀
刽,刂
p,刂
刿,刂
剀,刂
剁,刂
剂,刂
剃,刂
q,刂
r,刂
s,刂
t,刂
u,刂
v,刂
削,刂
w,刂
剌,刂
前,刂
x,刂
y,刀
剐,刂
剑,刂
z,刂
{,刀
剔,刂
|,刂
剖,刂
},刂
~,刂
,刀
,刂
,刂
剜,刂
,刂
剞,刂
,刂
,刂
剡,刂
,刂
,刂
,刂
剥,刂
,刂
剧,刂
,刂
剩,刂
剪,刀
,刂
,刂
,刂
,刂
副,刂
,刂
,刀
割,刂
,刂
,刂
,刂
,刂
,刂
,刂
,刂
,刀
,刂
,刂
剽,刂
,刂
剿,刂
,刂
劁,刂
劂,刂
,刂
,刂
,刂
,刂
,刂
劈,刀
,刂
,刂
,刂
,刂
,刂
,刀
,刂
劐,刂
,刂
,刀
劓,刂
,刀
,刂
,刂
,刂
,刂
,刂
,刂
力,力
,力
劝,力
办,力
功,力
加,力
务,力
劢,力
劣,力
,力
,力
,力
,力
动,力
助,力
努,力
劫,力
劬,力
劭,力
,力
,力
,力
励,力
劲,力
劳,力
,力
,力
,力
,力
,力
,力
,力
,力
,力
,力
劾,力
势,力
,力
,力
,力
勃,力
,力
,力
,力
勇,力
,力
勉,力
,力
勋,力
,力
,力
,力
,力
勐,力
,力
勒,力
,力
,力
,力
勖,力
,力
勘,力
,力
,力
,力
,力
,力
,力
募,力
,力
,力
,力
,力
勤,力
,力
,力
,力
,力
,力
,力
,力
,力
,力
,力
,力
勰,力
,力
,力
,力
,力
,力
,力
,力
,力
勹,勹
勺,勹
,勹
,勹
,勹
勾,勹
勿,勹
匀,勹
,勹
,勹
,勹
,勹
包,勹
匆,勹
,勹
匈,勹
,勹
,勹
,勹
,勹
匍,勹
,勹
匏,勹
匐,勹
@,勹
A,勹
B,勹
C,勹
匕,匕
化,亻
北,匕
D,匕
匙,匕
匚,匚
E,匚
F,匚
匝,匚
G,匚
H,匚
匠,匚
匡,匚
I,匚
匣,匚
J,匚
K,匚
匦,匚
L,匚
M,匚
N,匚
匪,匚
O,匚
P,匚
Q,匚
匮,匚
R,匚
S,匚
T,匚
U,匚
V,匚
W,匚
X,匚
Y,匚
Z,匚
[,[
匹,匚
区,匚
医,匚
\,匚
],匚
匾,匚
匿,匚
^,匚
十,十
_,十
千,十
`,十
卅,十
a,十
升,十
午,十
卉,十
半,十
b,十
c,十
d,十
华,十
协,十
e,十
卑,十
卒,十
卓,十
f,十
单,十
卖,十
南,十
g,十
h,十
博,十
i,十
卜,卜
j,难检字
卞,卜
卟,卜
占,卜
卡,丨
卢,卜
卣,卜
卤,卜
k,丨
卦,卜
卧,卜
l,卜
卩,卩
m,卩
卫,卩
n,卩
o,卩
卮,厄
卯,卩
印,卩
危,厄
p,卩
即,卩
却,卩
卵,卩
q,卩
卷,厄
卸,卩
r,卩
卺,厄
s,卩
t,厄
u,卩
v,卩
卿,卩
w,卩
x,卩
厂,厂
y,厂
厄,厂
厅,厂
历,厂
z,厂
{,厂
厉,厂
|,厂
压,厂
厌,厂
厍,厂
},厂
~,厂
,厂
,厂
,厂
,厂
,厂
厕,厂
,厂
,厂
厘,厂
,厂
厚,厂
,厂
,厂
厝,厂
,厂
原,厂
,厂
,厂
厢,厂
厣,厂
,厂
厥,厂
厦,厂
,厂
厨,厂
厩,厂
,厂
,厂
,厂
,厂
厮,厂
,厂
,厂
,厂
,厂
,厂
,厂
,厂
厶,厶
,厶
,厶
,厶
,厶
去,厶
,厶
,厶
,厶
县,厶
,厶
叁,厶
参,厶
,厶
,厶
,厶
,厶
,厶
又,又
叉,又
及,又
友,又
双,又
反,又
,又
,又
,又
发,又
,又
,又
叔,又
,又
取,又
受,又
变,又
叙,又
,又
叛,又
,又
,又
,又
叟,又
叠,又
,又
,又
口,口
古,口
句,口
另,口
,口
叨,口
叩,口
只,口
叫,口
召,口
叭,口
叮,口
可,口
台,口
叱,口
史,口
右,口
,口
叵,口
叶,口
号,口
司,口
叹,口
,口
叻,口
叼,口
叽,口
,口
,口
,口
吁,口
,口
吃,口
各,口
,口
吆,口
,口
合,口
吉,口
吊,口
,口
同,口
名,口
后,口
吏,口
吐,口
向,口
吒,口
吓,口
,口
吕,口
吖,口
吗,口
,口
,口
,口
君,口
,口
吝,口
吞,口
吟,口
吠,口
吡,口
,口
吣,口
,口
,口
否,口
吧,口
吨,口
吩,口
,口
含,口
听,口
吭,口
吮,口
启,口
,口
吱,口
吲,口
,口
吴,口
吵,口
,口
,口
吸,口
吹,口
,口
吻,口
吼,口
,口
吾,口
,口
呀,口
,口
,口
呃,口
,口
,口
呆,口
,口
呈,口
,口
告,口
呋,口
,口
,口
,口
,口
呐,口
,口
呒,口
呓,口
呔,口
呕,口
呖,口
呗,口
员,口
呙,口
,口
呛,口
呜,口
,口
,口
,口
,口
,口
呢,口
,口
呤,口
,口
呦,口
,口
周,口
,口
,口
,口
,口
,口
,口
,口
,口
呱,口
呲,口
味,口
,口
呵,口
呶,口
呷,口
呸,口
,口
,口
呻,口
呼,口
命,口
,口
,口
咀,口
,口
咂,口
,口
咄,口
,口
咆,口
,口
,口
,口
,口
咋,口
和,口
,口
咎,口
咏,口
咐,口
,口
咒,口
,口
咔,口
咕,口
咖,口
,口
,口
咙,口
咚,口
咛,口
,口
咝,口
,口
,口
,口
,口
@,口
咣,口
咤,口
A,口
咦,口
咧,口
咨,口
咩,口
咪,口
咫,口
咬,口
咭,口
B,口
咯,口
C,口
咱,口
D,口
咳,口
咴,口
E,口
F,口
G,口
咸,口
H,口
I,口
咻,口
J,口
咽,口
K,口
咿,口
哀,口
品,口
哂,口
L,口
哄,口
M,口
哆,口
哇,口
哈,口
哉,口
N,口
O,口
哌,口
响,口
哎,口
哏,口
哐,口
哑,口
哒,口
哓,口
哔,口
哕,口
P,口
哗,口
Q,口
哙,口
哚,口
R,口
哜,口
哝,口
哞,口
哟,口
S,口
T,口
U,口
V,口
W,口
哥,口
哦,口
哧,口
哨,口
哩,口
哪,口
X,口
Y,口
哭,口
哮,口
Z,口
[,口
\,口
哲,口
哳,口
],口
^,口
_,口
`,口
a,口
b,口
哺,口
c,口
哼,口
哽,口
d,口
哿,口
e,口
唁,口
f,口
g,口
h,口
i,口
唆,口
唇,口
j,口
唉,口
k,口
l,口
m,口
n,口
o,口
唏,口
唐,口
唑,口
p,口
q,口
唔,口
r,口
s,口
t,口
u,口
v,口
w,口
唛,口
x,口
y,口
z,口
{,口
唠,口
|,口
唢,口
唣,口
唤,口
},口
~,口
唧,口
,口
,口
唪,口
,口
唬,口
,口
售,口
唯,口
唰,口
唱,口
,口
唳,口
,口
,口
,口
唷,口
,口
,口
,口
,口
唼,口
,口
唾,口
唿,口
,口
啁,口
,口
啃,口
啄,口
,口
商,口
,口
,口
啉,口
啊,口
,口
,口
,口
,口
,口
啐,口
,口
,口
,口
,口
啕,口
啖,口
,口
,口
,口
,口
,口
啜,口
,口
,口
,口
,口
啡,口
,口
,口
啤,口
啥,口
啦,口
啧,口
,口
,口
啪,口
,口
啬,口
啭,口
啮,口
,口
,口
,口
,口
,口
,口
啵,口
啶,口
啷,口
啸,口
,口
,口
啻,口
啼,口
,口
啾,口
,口
喀,口
喁,口
喂,口
喃,口
善,口
,口
,口
喇,口
喈,口
喉,口
喊,口
喋,口
,口
,口
,口
喏,口
,口
喑,口
,口
,口
喔,口
,口
,口
,口
喘,口
喙,口
,口
,口
喜,口
喝,口
,口
喟,口
,口
,口
,口
,口
,口
,口
,口
喧,口
,口
,口
,十
,口
,口
,口
,口
,口
,口
喱,口
,口
喳,口
,口
喵,口
,口
喷,口
,口
喹,口
,口
喻,口
,口
喽,口
喾,口
,口
,口
,口
,口
,口
嗄,口
嗅,口
,口
,口
,口
嗉,口
,口
,口
嗌,口
嗍,口
,口
,口
,口
嗑,口
嗒,口
嗓,口
嗔,口
,口
嗖,口
,口
,口
,口
,口
,口
嗜,口
嗝,口
,口
嗟,口
,口
嗡,口
,口
嗣,口
嗤,口
嗥,口
嗦,口
,口
嗨,口
,口
嗪,口
嗫,口
嗬,口
,口
,口
嗯,口
,口
,口
嗲,口
嗳,口
,口
嗵,口
,口
嗷,口
,口
,口
,口
,口
,口
嗽,口
嗾,口
,口
嘀,口
嘁,口
,口
,口
,口
,口
@,口
A,口
嘈,口
嘉,口
B,口
C,口
嘌,口
D,口
嘎,口
嘏,口
E,口
F,口
G,口
H,口
I,口
J,口
K,口
L,口
嘘,口
M,口
N,口
嘛,口
O,口
P,口
嘞,口
嘟,口
Q,口
R,口
S,口
嘣,口
嘤,口
T,口
U,口
嘧,口
V,口
W,口
X,口
Y,口
嘬,口
嘭,口
Z,口
[,口
\,口
嘱,口
嘲,口
],口
嘴,口
^,口
嘶,口
_,口
`,口
嘹,口
a,口
嘻,口
b,口
c,口
d,口
嘿,口
e,口
f,口
g,口
h,口
i,口
j,口
k,口
l,口
m,口
n,口
o,口
p,口
噌,口
噍,口
噎,口
q,口
r,口
s,口
t,口
u,口
噔,口
v,口
w,口
噗,口
噘,口
噙,口
x,口
y,口
噜,口
z,口
{,口
|,口
},口
~,口
噢,口
,口
噤,口
,口
,口
,口
器,口
噩,口
噪,口
噫,口
噬,口
,口
,口
,口
,口
噱,口
,口
,口
,口
,口
噶,口
,口
,口
,口
,口
噻,口
噼,口
,口
,口
,口
,口
,口
,口
,口
,口
嚅,口
嚆,口
,口
,口
,口
,口
,口
,口
,口
嚎,口
嚏,口
,口
,口
,口
嚓,口
,口
,口
,口
,口
,口
,口
,口
,口
,口
,口
,口
,口
,口
,口
,口
嚣,口
,口
,口
,口
,口
,口
,口
,口
,口
,口
,口
,口
嚯,口
,口
,口
,口
,口
,口
,口
,口
嚷,口
,口
,口
,口
,口
嚼,口
,口
,口
,口
,口
,口
,口
,口
,口
,口
,口
,口
,口
,口
囊,口
,口
,口
,口
,口
,口
,口
,口
,口
,口
囔,口
,口
,口
囗,囗
,囗
,囗
囚,囗
四,囗
,囗
囝,囗
回,囗
囟,囗
因,囗
囡,囗
团,囗
,囗
囤,囗
,囗
,囗
,囗
,囗
,囗
,囗
囫,囗
,囗
园,囗
,囗
,囗
困,囗
囱,囗
,囗
,囗
围,囗
囵,囗
,囗
,囗
,囗
囹,囗
固,囗
,囗
,囗
国,囗
图,囗
囿,囗
,囗
,囗
,囗
圃,囗
圄,囗
,囗
圆,囗
,囗
圈,囗
圉,囗
圊,囗
,囗
,囗
,囗
,囗
,囗
,囗
,囗
@,囗
A,囗
B,囗
C,囗
D,囗
E,囗
F,囗
G,囗
H,囗
I,囗
圜,囗
J,囗
K,囗
土,土
L,土
M,土
N,土
圣,土
O,土
P,土
Q,土
R,土
在,土
圩,土
圪,土
S,土
圬,土
圭,土
圮,土
圯,土
地,土
T,土
U,土
圳,土
V,土
W,土
X,土
Y,土
Z,土
圹,土
场,土
圻,土
[,土
\,土
圾,土
],土
址,土
^,土
坂,土
_,土
`,土
a,土
b,土
均,土
c,土
d,土
坊,土
e,土
坌,土
坍,土
坎,土
坏,土
坐,土
坑,土
f,土
g,土
h,土
i,土
j,土
块,土
k,土
l,土
坚,土
坛,土
坜,土
坝,土
坞,土
坟,土
坠,土
坡,土
m,土
n,土
坤,土
o,土
坦,土
p,土
坨,土
坩,土
坪,土
坫,土
q,土
坭,土
r,土
坯,土
s,土
t,土
u,土
坳,土
v,土
w,土
坶,土
坷,土
x,土
y,土
z,土
坻,土
坼,土
{,土
|,土
},土
~,土
,土
垂,土
垃,土
垄,土
垅,土
垆,土
,土
,土
,土
,土
型,土
垌,土
,土
,土
,土
,土
,土
垒,土
垓,土
,土
,土
,土
,土
,土
,土
,土
垛,土
,土
,土
,土
,土
垠,土
垡,土
垢,土
垣,土
垤,土
,土
垦,土
垧,土
,土
垩,土
,土
垫,土
,土
垭,土
垮,土
,土
,土
,土
垲,土
,土
垴,土
,土
,土
,土
垸,土
,土
,土
,土
,土
,土
,土
,土
,土
,土
埂,土
埃,土
,土
,土
,土
,土
,土
,土
,土
埋,土
,土
,土
城,土
埏,土
,土
,土
埒,土
,土
埔,土
埕,土
,土
,土
埘,土
埙,土
埚,土
,土
,土
埝,土
,土
域,土
埠,土
,土
,土
,土
埤,土
,土
,土
,土
,土
,土
,土
,土
,土
埭,土
,土
埯,土
,土
,土
,土
,土
埴,土
,土
,土
,土
埸,土
培,土
基,土
,土
,土
埽,土
,土
,土
堀,土
,土
堂,土
,土
,土
,土
堆,土
堇,土
,土
,土
,土
堋,土
,土
堍,土
,土
,土
,土
堑,土
,土
,土
,土
堕,土
,土
,土
,土
堙,土
,土
,土
,土
,土
堞,土
,土
堠,土
堡,土
,土
,土
堤,土
,土
,土
,土
,土
,土
堪,土
,土
,土
,土
,土
,土
堰,土
,土
,土
,土
,土
堵,土
,土
,土
,土
,土
,土
,土
,土
,土
@,土
A,土
B,土
C,土
D,土
E,土
塄,土
F,土
G,土
H,土
I,土
J,土
K,土
L,土
塌,土
塍,土
M,土
N,土
O,土
塑,土
P,土
Q,土
塔,土
R,土
S,土
T,土
塘,土
U,土
V,土
W,土
X,土
Y,土
塞,土
Z,土
[,土
\,土
],土
^,土
_,土
塥,土
`,土
a,土
b,土
c,土
d,土
填,土
塬,土
e,土
f,土
g,土
h,土
i,土
j,土
k,土
l,土
m,土
n,土
o,土
p,土
q,土
r,土
s,土
t,土
u,土
塾,土
v,土
墀,土
墁,土
w,土
境,土
x,土
墅,土
y,土
z,土
{,土
墉,土
|,土
},土
~,土
,土
,土
,土
,土
,土
墒,土
墓,土
,土
,土
,土
,土
,土
墙,土
墚,土
,土
,土
,土
增,土
墟,土
,土
,土
,土
,土
,土
,土
,土
,土
墨,土
墩,土
,土
,土
,土
,土
,土
,土
,土
,土
,土
,土
,土
,土
,土
,土
,土
,土
,土
,土
墼,土
,土
,土
,土
,土
壁,土
,土
,土
,土
壅,土
,土
,土
,土
,土
,土
,土
,土
,土
,土
,土
,土
壑,土
,土
,土
,土
壕,土
,土
,土
,土
,土
,土
,土
,土
,土
,土
,土
,土
,土
,土
,土
壤,土
,土
,土
,土
,土
,土
,土
士,士
壬,士
,士
壮,士
,士
声,士
,士
,士
壳,士
,士
,士
壶,士
,士
,士
壹,士
,士
,士
,士
,士
,士
,士
,士
,士
夂,夂
,夂
处,夂
,夂
,夂
备,夂
,夂
,夂
,夂
,夂
,夂
复,夂
,夂
夏,夂
,夂
,夂
,夂
,夂
夔,夂
夕,夕
外,夕
,夕
,夕
夙,夕
多,夕
,夕
夜,夕
,夕
,夕
够,夕
,夕
,夕
,夕
,夕
夤,夕
夥,夕
,夕
大,大
,大
天,大
太,大
夫,大
,大
夭,大
央,大
夯,大
,大
失,大
,大
,大
头,大
,大
,大
夷,大
夸,大
夹,大
夺,大
,大
夼,大
@,大
A,大
B,大
C,大
奁,大
奂,大
D,大
奄,大
E,大
F,大
奇,大
奈,大
奉,大
G,大
H,大
I,大
奎,大
奏,大
J,大
契,大
K,大
L,大
奔,大
奕,大
奖,大
套,大
奘,大
M,大
奚,大
N,大
O,大
P,大
Q,大
R,大
奠,大
S,大
奢,大
T,大
U,大
奥,大
V,大
W,大
X,大
Y,大
Z,大
[,大
\,大
],大
^,大
_,大
`,大
a,大
b,大
女,女
奴,女
c,女
奶,女
d,女
奸,女
她,女
e,女
f,女
g,女
好,女
h,女
i,女
j,女
妁,女
如,女
妃,女
妄,女
k,女
妆,女
妇,女
妈,女
l,女
妊,女
m,女
n,女
妍,女
o,女
p,女
q,女
r,女
妒,女
妓,女
s,女
t,女
妖,女
妗,女
u,女
妙,女
v,女
w,女
x,女
y,女
妞,女
z,女
{,女
|,女
},女
妣,女
妤,女
妥,女
~,女
,女
妨,女
妩,女
妪,女
妫,女
,女
,女
妮,女
妯,女
,女
,女
妲,女
,女
,女
,女
,女
,女
,女
妹,女
,女
妻,女
,女
,女
妾,女
,女
,女
,女
,女
,女
,女
,女
姆,女
,女
,女
,女
姊,女
始,女
,女
,女
,女
,女
姐,女
姑,女
姒,女
姓,女
委,女
,女
,女
姗,女
姘,女
,女
姚,女
,女
姜,女
姝,女
,女
,女
,女
,女
,女
姣,女
,女
姥,女
,女
,女
姨,女
,女
,女
,女
姬,女
,女
,女
,女
,女
,女
,女
,女
,女
,女
,女
,女
,女
姹,女
,女
姻,女
,女
,女
,女
姿,女
,女
威,女
,女
娃,女
娄,女
娅,女
娆,女
娇,女
娈,女
娉,女
,女
,女
娌,女
,女
,女
,女
,女
娑,女
,女
娓,女
,女
,女
,女
,女
娘,女
,女
,女
,女
娜,女
,女
,女
娟,女
娠,女
,女
,女
娣,女
,女
娥,女
,女
,女
,女
娩,女
,女
,女
,女
,女
,女
,女
,女
娱,女
娲,女
,女
娴,女
,女
娶,女
,女
,女
,女
,女
,女
娼,女
,女
,女
,女
婀,女
,女
,女
,女
,女
,女
婆,女
,女
,女
婉,女
婊,女
,女
,女
,女
,女
,女
,女
,女
,女
,女
,女
婕,女
,女
,女
,女
,女
婚,女
,女
,女
,女
,女
,女
,女
@,女
婢,女
A,女
B,女
C,女
D,女
婧,女
E,女
F,女
婪,女
G,女
H,女
I,女
J,女
K,女
L,女
M,女
N,女
O,女
婴,女
婵,女
婶,女
婷,女
P,女
Q,女
婺,女
R,女
S,女
T,女
U,女
婿,女
V,女
W,女
X,女
Y,女
Z,女
[,女
\,女
],女
^,女
_,女
`,女
a,女
b,女
c,女
d,女
e,女
f,女
g,女
媒,女
h,女
i,女
j,女
k,女
l,女
m,女
n,女
媚,女
媛,女
o,女
p,女
q,女
r,女
s,女
t,女
u,女
v,女
w,女
x,女
y,女
z,女
{,女
|,女
媪,女
},女
~,女
,女
,女
,女
,女
,女
媲,女
媳,女
,女
媵,女
,女
,女
媸,女
,女
,女
,女
,女
,女
媾,女
,女
,女
嫁,女
嫂,女
,女
,女
,女
,女
,女
,女
嫉,女
,女
,女
嫌,女
,女
,女
,女
,女
,女
嫒,女
,女
嫔,女
,女
嫖,女
,女
嫘,女
,女
,女
,女
嫜,女
,女
,女
,女
嫠,女
嫡,女
,女
嫣,女
,女
,女
嫦,女
,女
,女
嫩,女
,女
嫫,女
,女
,女
,女
,女
,女
嫱,女
,女
,女
,女
,女
,女
,女
,女
,女
,女
,女
,女
,女
,女
,女
,女
,女
,女
,女
嬗,女
,女
,女
,女
,女
,女
,女
,女
,女
,女
,女
,女
,女
,女
,女
,女
,女
,女
,女
,女
,女
,女
,女
,女
,女
,女
,女
嬲,女
,女
嬴,女
,女
,女
嬷,女
,女
,女
,女
,女
,女
,女
,女
,女
孀,女
,女
,女
,女
,女
,女
,女
,女
@,女
A,女
B,女
C,女
D,女
E,女
F,女
G,女
子,子
孑,子
H,子
孓,子
孔,子
孕,子
I,子
字,子
存,子
孙,子
孚,子
孛,子
孜,子
孝,子
J,子
孟,子
K,子
L,子
孢,子
季,子
孤,子
孥,子
学,子
M,子
N,子
孩,子
孪,子
O,子
孬,子
P,子
Q,子
R,子
孰,子
孱,子
S,子
孳,子
T,子
孵,子
U,子
V,子
W,子
X,子
孺,子
Y,子
Z,子
孽,子
[,子
\,子
宀,宀
宁,宀
],宀
它,宀
宄,宀
宅,宀
^,宀
宇,宀
守,宀
安,宀
_,宀
宋,宀
完,宀
`,宀
a,宀
宏,宀
b,宀
c,宀
d,宀
宓,宀
e,宀
宕,宀
f,宀
宗,宀
官,宀
宙,宀
定,宀
宛,宀
宜,宀
宝,宀
实,宀
g,宀
宠,宀
审,宀
客,宀
宣,宀
室,宀
宥,宀
宦,宀
h,宀
i,宀
j,宀
宪,宀
宫,宀
k,宀
l,宀
m,宀
n,宀
宰,宀
o,宀
p,宀
害,宀
宴,宀
宵,宀
家,宀
q,宀
宸,宀
容,宀
r,宀
s,宀
t,宀
宽,宀
宾,宀
宿,宀
u,宀
v,宀
寂,宀
w,宀
寄,宀
寅,宀
密,宀
寇,宀
x,宀
y,宀
z,宀
{,宀
富,宀
|,宀
},宀
~,宀
寐,宀
,宀
寒,宀
寓,宀
,宀
,宀
,宀
,宀
,宀
,宀
,宀
,宀
,宀
寝,宀
寞,宀
察,宀
,宀
寡,宀
,宀
,宀
寤,宀
寥,宀
,宀
,宀
寨,宀
,宀
,宀
,宀
,宀
,宀
寮,宀
,宀
寰,宀
,宀
,宀
,宀
,宀
,宀
,宀
,宀
寸,寸
对,寸
寺,寸
寻,寸
导,寸
,寸
,寸
寿,寸
,寸
封,寸
,寸
,寸
射,寸
,寸
将,寸
,寸
,寸
尉,寸
尊,寸
,寸
,寸
,寸
,寸
小,小
,小
少,小
,小
,小
尔,小
尕,小
尖,小
,小
尘,小
,小
尚,小
,小
尜,小
尝,小
,小
,小
,小
,小
尢,尢
,
尤,尢
尥,尢
,
尧,兀
,尢
,
,尢
,兀
尬,尢
,兀
,尢
,尢
,尢
就,尢
,尢
,尢
尴,尢
,尢
,兀
,尢
尸,尸
尹,尸
尺,尸
尻,尸
尼,尸
尽,尸
尾,尸
尿,尸
局,尸
屁,尸
层,尸
,尸
,尸
居,尸
,尸
,尸
屈,尸
屉,尸
届,尸
屋,尸
,尸
,尸
屎,尸
屏,尸
屐,尸
屑,尸
,尸
,尸
,尸
展,尸
,尸
,尸
,尸
屙,尸
,尸
,尸
,尸
,尸
属,尸
,尸
屠,尸
屡,尸
,尸
屣,尸
,尸
履,尸
屦,尸
,尸
,尸
,尸
,尸
,尸
,尸
,尸
屮,屮
屯,屮
,丶
山,山
,山
,山
,山
,山
,山
,山
,山
屹,山
屺,山
,山
,山
,山
,山
屿,山
,山
岁,山
岂,山
,山
,山
,山
,山
,山
岈,山
,山
,山
,山
岌,山
岍,山
,山
,山
岐,山
岑,山
,山
,山
岔,山
,山
岖,山
岗,山
岘,山
岙,山
岚,山
岛,山
岜,山
,山
,山
,山
,山
,山
岢,山
岣,山
,山
,山
,山
,山
,山
岩,山
@,山
岫,山
岬,山
岭,山
A,山
B,山
C,山
岱,山
D,山
岳,山
E,山
岵,山
F,山
岷,山
岸,山
G,山
H,山
I,山
J,山
岽,山
K,山
岿,山
L,山
峁,山
M,山
N,山
峄,山
O,山
P,山
Q,山
R,山
S,山
T,山
峋,山
U,山
V,山
W,山
X,山
Y,山
Z,山
峒,山
[,山
\,山
],山
^,山
_,山
`,山
峙,山
a,山
b,山
c,山
d,山
e,山
f,山
g,山
峡,山
h,山
i,山
峤,山
峥,山
峦,山
j,山
峨,山
k,山
峪,山
l,山
m,山
峭,山
n,山
o,山
峰,山
p,山
q,山
r,山
s,山
t,山
u,山
v,山
w,山
x,山
y,山
峻,山
z,山
{,山
|,山
},山
~,山
,山
崂,山
崃,山
,山
,山
崆,山
崇,山
,山
,山
,山
,山
,山
,山
崎,山
,山
,山
,山
,山
,山
崔,山
,山
崖,山
,山
,山
,山
,山
崛,山
,山
,山
崞,山
,山
,山
,山
,山
崽,山
崾,山
,山
,山
,山
,山
,山
,山
,山
,山
嵇,山
,山
,山
嵊,山
嵋,山
嵌,山
,山
,山
,山
,山
,山
,山
,山
,山
,山
,山
,山
嵘,山
,山
,山
嵛,山
,山
嵝,山
,山
,山
,山
,山
,山
,山
,山
,山
,山
,山
,山
嵩,山
,山
嵫,山
嵬,山
,山
,山
嵯,山
,山
,山
,山
,山
嵴,山
,山
,山
,山
,山
,山
,山
,山
,山
,山
,山
,山
,山
,山
嶂,山
,山
,山
,山
,山
,山
,山
,山
,山
,山
,山
,山
,山
,山
,山
,山
,山
,山
,山
,山
,山
,山
,山
嶙,山
,山
,山
,山
嶝,山
,山
,山
,山
@,山
A,山
B,山
C,山
D,山
E,山
F,山
G,山
H,山
I,山
J,山
K,山
P,山
Q,山
R,山
S,山
T,山
U,山
嶷,山
V,山
W,山
X,山
Y,山
Z,山
[,山
\,山
],山
^,山
_,山
`,山
a,山
b,山
巅,山
c,山
d,山
e,山
f,山
g,山
h,山
i,山
巍,山
j,山
k,山
l,山
m,山
n,山
o,山
p,山
q,山
r,山
s,山
t,山
u,山
v,山
巛,巛
w,巛
川,川
州,川
x,川
y,巛
巡,巛
巢,巛
z,巛
{,巛
工,工
左,工
巧,工
巨,工
巩,工
|,工
巫,工
},工
~,工
差,工
巯,工
,工
己,己
已,己
巳,巳
巴,巳
,巳
,巳
巷,巳
,巳
,己
,巳
,己
,巳
巽,巳
巾,巾
,巾
,巾
币,巾
市,巾
布,巾
,巾
帅,巾
帆,巾
,巾
师,巾
,巾
,巾
,巾
希,巾
,巾
,巾
帏,巾
帐,巾
帑,巾
,巾
,巾
帔,巾
帕,巾
帖,巾
,巾
帘,巾
帙,巾
帚,巾
帛,巾
帜,巾
帝,巾
,巾
,巾
,巾
,巾
,巾
,巾
,巾
,巾
带,巾
帧,巾
,巾
,巾
,巾
,巾
,巾
席,巾
帮,巾
,巾
,巾
帱,巾
,巾
,巾
,巾
,巾
,巾
帷,巾
常,巾
,巾
,巾
帻,巾
帼,巾
帽,巾
,巾
,巾
,巾
,巾
幂,巾
,巾
幄,巾
幅,巾
,巾
,巾
,巾
,巾
,巾
,巾
幌,巾
,巾
,巾
,巾
,巾
,巾
,巾
,巾
幔,巾
幕,巾
,巾
,巾
,巾
,巾
,巾
幛,巾
,巾
,巾
幞,巾
,巾
,巾
幡,巾
幢,巾
,巾
,巾
,巾
,巾
,巾
,巾
,巾
,巾
,巾
,巾
,巾
,巾
,巾
,巾
,巾
干,干
平,干
年,干
,干
并,干
,干
幸,干
,
幺,幺
幻,幺
幼,幺
幽,幺
,幺
广,广
庀,广
,广
,广
,广
庄,广
,广
庆,广
庇,广
,广
,广
床,广
庋,广
,广
,广
,广
序,广
庐,广
庑,广
,广
库,广
应,广
底,广
庖,广
店,广
,广
庙,广
庚,广
,广
府,广
,广
庞,广
废,广
庠,广
,广
,广
,广
,广
庥,广
度,广
座,广
,广
,广
,广
,广
,广
庭,广
,广
,广
,广
,广
,广
庳,广
,广
庵,广
庶,广
康,广
庸,广
庹,广
,广
,广
,广
,广
庾,广
,广
,广
,广
,广
,广
,广
,广
@,广
A,广
B,广
廉,广
廊,广
C,广
D,广
E,广
F,广
G,广
H,广
廑,广
廒,广
廓,广
I,广
J,广
廖,广
K,广
L,广
M,广
N,广
廛,广
O,广
P,广
Q,广
R,广
S,广
T,广
U,广
V,广
W,广
X,广
Y,广
Z,广
廨,广
[,广
廪,广
\,广
],广
^,广
_,广
`,广
a,广
b,广
c,广
d,广
廴,廴
e,廴
延,廴
廷,廴
f,廴
g,廴
建,廴
h,廴
i,廴
j,廴
廾,廾
廿,廾
开,廾
弁,廾
异,廾
弃,廾
弄,廾
k,廾
l,廾
m,廾
弈,廾
n,廾
弊,廾
弋,弋
o,弋
p,弋
q,弋
式,弋
r,弋
弑,弋
s,弋
弓,弓
t,弓
引,弓
u,弓
弗,弓
弘,弓
v,弓
w,弓
弛,弓
x,弓
y,弓
z,弓
弟,弓
张,弓
{,弓
|,弓
},弓
~,弓
弥,弓
弦,弓
弧,弓
,弓
弩,弓
弪,弓
,弓
,弓
弭,弓
,弓
弯,弓
,弓
弱,弓
,弓
,弓
,弓
,弓
,弓
,弓
,弓
弹,弓
强,弓
,弓
弼,弓
,弓
,弓
,弓
彀,弓
,弓
,弓
,弓
,弓
,弓
,弓
,弓
,弓
,弓
,弓
,弓
,弓
,弓
,弓
,弓
彐,彐
,
归,彐
当,彐
,
录,彐
彖,
彗,彐
彘,
,
,彐
,难检字
,
彝,
,难检字
,彐
,彐
彡,彡
形,彡
,彡
彤,彡
,彡
彦,彡
,彡
,彡
彩,彡
彪,彡
,彡
彬,彡
彭,彡
,彡
,彡
彰,彡
影,彡
,彡
彳,彳
,彳
,彳
,彳
彷,彳
,彳
役,彳
,彳
彻,彳
彼,彳
,彳
,彳
,彳
往,彳
征,彳
徂,彳
,彳
径,彳
待,彳
,彳
徇,彳
很,彳
徉,彳
徊,彳
律,彳
後,彳
,彳
,彳
,彳
徐,彳
,彳
徒,彳
,彳
,彳
徕,彳
,彳
得,彳
徘,彳
徙,彳
,彳
,彳
徜,彳
,彳
,彳
,彳
,彳
御,彳
,彳
,彳
,彳
,彳
,彳
,彳
徨,彳
,彳
循,彳
,彳
,彳
徭,彳
微,彳
,彳
,彳
,彳
,彳
,彳
,彳
徵,彳
,彳
德,彳
,彳
,彳
,彳
,彳
徼,彳
徽,彳
,彳
,彳
,彳
,彳
,彳
心,心
忄,忄
必,心
忆,忄
,忄
,心
忉,忄
,忄
,忄
忌,心
忍,心
,心
忏,忄
忐,心
忑,心
忒,心
,忄
,忄
,忄
忖,忄
志,心
忘,心
忙,忄
,忄
,忄
,心
忝,小
,心
,忄
忠,心
忡,忄
,心
,忄
忤,忄
,心
,忄
忧,忄
,忄
,心
忪,忄
快,忄
,忄
忭,忄
忮,忄
,忄
,忄
忱,忄
,忄
,忄
,忄
念,心
,忄
,忄
忸,忄
,忄
,忄
忻,忄
,忄
忽,心
忾,忄
忿,心
怀,忄
态,心
怂,心
怃,忄
怄,忄
怅,忄
怆,忄
,忄
@,忄
A,忄
怊,忄
B,忄
C,忄
怍,忄
怎,心
怏,忄
D,忄
E,忄
怒,心
F,忄
怔,忄
怕,忄
怖,忄
G,忄
H,心
怙,忄
I,忄
怛,忄
怜,忄
思,心
J,忄
K,忄
怠,心
怡,忄
L,忄
M,心
N,心
急,心
怦,忄
性,忄
怨,心
怩,忄
怪,忄
怫,忄
O,忄
P,忄
Q,忄
怯,忄
R,忄
S,心
T,忄
U,忄
V,忄
怵,忄
W,忄
X,心
Y,心
Z,心
[,心
总,心
怼,心
\,忄
],忄
怿,忄
^,忄
恁,心
恂,忄
恃,忄
_,忄
`,忄
a,忄
b,忄
c,忄
d,忄
e,忄
恋,心
f,忄
恍,忄
g,忄
h,心
恐,心
i,忄
恒,忄
j,忄
k,忄
恕,心
l,心
m,忄
n,忄
恙,心
恚,心
o,忄
p,忄
恝,心
q,忄
r,忄
s,忄
t,忄
恢,忄
恣,心
恤,忄
u,心
v,忄
恧,心
恨,忄
恩,心
恪,忄
恫,忄
恬,忄
恭,小
w,忄
息,心
恰,忄
x,忄
y,忄
恳,心
z,心
{,心
恶,心
|,心
恸,忄
恹,忄
恺,忄
恻,忄
恼,忄
恽,忄
},忄
恿,心
~,忄
,忄
,忄
悃,忄
悄,忄
,忄
,心
,忄
,忄
悉,心
,心
,忄
悌,忄
悍,忄
,忄
,忄
,心
,忄
悒,忄
,忄
悔,忄
,忄
悖,忄
,忄
,心
,忄
悚,忄
悛,忄
,忄
悝,忄
,忄
悟,忄
悠,心
,心
,忄
患,心
,心
,心
悦,忄
,忄
您,心
,忄
,心
悫,心
悬,心
悭,忄
,忄
悯,忄
,忄
悱,忄
悲,忄
,心
悴,忄
,忄
,忄
,忄
悸,忄
,心
,忄
悻,忄
悼,忄
,忄
,忄
,忄
,忄
,心
,忄
,忄
,心
情,忄
惆,忄
,忄
,忄
,心
惊,忄
惋,忄
,心
,忄
,心
,忄
,忄
惑,心
,心
,忄
,忄
惕,忄
,心
,忄
惘,忄
,忄
惚,忄
,忄
惜,忄
惝,忄
,忄
惟,忄
惠,心
,心
,心
,心
,忄
,心
惦,忄
惧,忄
惨,忄
惩,心
,心
惫,心
惬,忄
惭,忄
惮,忄
惯,忄
惰,忄
,忄
,忄
想,心
惴,忄
,忄
惶,忄
,心
,忄
惹,心
惺,忄
,忄
,忄
,忄
,忄
,忄
愀,忄
愁,心
,心
,忄
,忄
,忄
愆,心
,忄
愈,心
愉,忄
,忄
,忄
,忄
愍,心
愎,忄
意,心
,忄
,忄
,忄
,忄
,忄
愕,忄
,忄
,心
,忄
,心
愚,心
,心
,忄
,忄
,忄
感,心
愠,忄
,忄
,忄
愣,忄
愤,忄
,忄
愦,忄
愧,忄
,心
,忄
,忄
愫,忄
,心
,忄
,忄
,忄
,忄
,忄
,忄
,心
,忄
,忄
,忄
,忄
,心
,忄
,忄
,心
,忄
,忄
,忄
愿,心
,忄
,心
,心
,忄
,忄
,忄
,忄
@,心
慈,心
A,忄
慊,忄
B,心
慌,忄
C,忄
慎,忄
D,忄
E,心
慑,忄
F,忄
G,忄
H,忄
慕,小
I,忄
J,心
K,忄
L,忄
M,忄
N,忄
O,心
慝,心
P,忄
Q,忄
R,忄
S,忄
慢,忄
T,忄
U,心
V,忄
W,心
慧,心
慨,忄
X,忄
Y,忄
Z,心
[,忄
\,心
],心
^,忄
慰,心
_,忄
`,忄
a,忄
b,忄
慵,忄
c,心
慷,忄
d,心
e,心
f,忄
g,忄
h,心
i,忄
j,心
k,心
l,忄
m,忄
n,心
o,心
p,心
q,心
r,忄
s,心
t,忄
u,忄
v,心
憋,心
w,心
x,忄
憎,忄
y,忄
z,忄
{,心
|,忄
},忄
憔,忄
~,忄
,心
,心
,忄
,心
,忄
,忄
,忄
憝,心
,忄
,忄
,心
,忄
,忄
,忄
,忄
,心
,忄
憧,忄
憨,心
憩,心
,忄
,忄
憬,忄
,忄
,忄
,忄
,忄
,忄
,心
,忄
,忄
,心
,忄
憷,忄
,忄
,忄
,忄
,忄
,心
,忄
憾,忄
,忄
,忄
,忄
懂,忄
,心
,忄
,忄
,忄
,心
懈,忄
,心
懊,忄
懋,心
,忄
,忄
,忄
,忄
,忄
懑,心
懒,忄
,忄
懔,忄
,心
,心
,忄
,心
,忄
,忄
,忄
,忄
,忄
,忄
,心
,忄
,忄
,忄
,心
,忄
,忄
懦,忄
,忄
,忄
,忄
,忄
,忄
,心
,忄
,忄
,心
,忄
,忄
,心
,忄
,忄
懵,忄
,忄
,忄
,心
,忄
,忄
,忄
,忄
,忄
,忄
懿,心
,心
,心
,忄
,忄
,忄
,心
戆,心
,心
戈,戈
,戈
戊,戈
戋,戈
戌,戈
戍,戈
戎,戈
戏,戈
成,戈
我,戈
戒,戈
,戈
,戈
戕,戈
或,戈
戗,戈
战,戈
,戈
戚,戈
戛,戈
,戈
,戈
,戈
戟,戈
,戈
戡,戈
戢,戈
,戈
戤,戈
戥,戈
,戈
,戈
,戈
,戈
截,戈
,戈
戬,戈
,戈
戮,戈
,戈
,戈
,戈
,戈
戳,戈
戴,戈
,戈
,户
户,户
,户
,户
,户
,户
,户
戽,户
戾,户
房,户
所,户
扁,户
,户
扃,户
,户
,户
,户
扇,户
扈,户
扉,户
,户
手,手
扌,扌
把,扌
才,扌
扎,扌
@,扌
A,扌
扑,扌
扒,扌
打,扌
扔,扌
B,扌
C,扌
D,扌
托,扌
E,扌
F,扌
扛,扌
G,扌
H,扌
I,扌
J,扌
K,扌
L,扌
M,扌
扣,扌
N,扌
O,扌
扦,扌
执,扌
P,扌
扩,扌
扪,扌
扫,扌
扬,扌
扭,扌
扮,扌
扯,扌
扰,扌
Q,扌
R,扌
扳,扌
S,扌
T,扌
扶,扌
U,扌
V,扌
批,扌
W,扌
X,扌
扼,扌
Y,扌
找,扌
承,手
技,扌
损,扌
折,扌
h,扌
抚,扌
抛,扌
i,扌
j,扌
k,扌
抟,扌
抠,扌
抡,扌
抢,扌
l,扌
护,扌
报,扌
m,扌
n,扌
抨,扌
o,扌
p,扌
披,扌
抬,扌
q,扌
r,扌
s,扌
t,扌
抱,扌
u,扌
v,扌
w,扌
抵,扌
x,扌
y,扌
z,扌
抹,扌
{,扌
抻,扌
拐,扌
,扌
拒,扌
拓,扌
拔,扌
,扌
拖,扌
拗,扌
拘,扌
拙,扌
拚,扌
招,扌
拜,手
,扌
,扌
拟,扌
,扌
,扌
拢,扌
拣,扌
,扌
拥,扌
拦,扌
拧,扌
拨,扌
择,扌
,扌
,扌
括,扌
拭,扌
拮,扌
拯,扌
,扌
拱,扌
,手
拳,手
拴,扌
,扌
拶,扌
拷,扌
,扌
,扌
,扌
,扌
拼,扌
拽,扌
拾,扌
拿,手
,扌
持,扌
挂,扌
,扌
,扌
,扌
,扌
指,扌
挈,手
按,扌
,扌
,扌
,扌
,扌
挎,扌
,扌
,手
挑,扌
,扌
,扌
,扌
,扌
挖,扌
,扌
,扌
,手
挚,手
挛,手
,扌
挝,扌
挞,扌
挟,扌
挠,扌
挡,扌
挢,扌
挣,扌
挤,扌
挥,扌
,扌
,扌
挨,扌
,扌
挪,扌
挫,扌
,扌
,扌
,扌
振,扌
,扌
,扌
挲,手
,扌
,扌
,扌
,扌
,扌
,扌
挹,扌
挺,扌
,扌
,扌
挽,扌
,扌
,扌
,扌
,扌
捂,扌
捃,扌
,扌
捅,扌
捆,扌
,扌
,扌
捉,扌
,扌
捋,扌
捌,扌
捍,扌
捎,扌
捏,扌
捐,扌
,扌
,扌
,扌
,扌
捕,扌
,扌
,扌
,扌
,扌
,扌
,扌
,扌
捷,扌
,扌
,扌
捺,扌
捻,扌
,扌
,扌
,扌
,扌
掀,扌
,扌
掂,扌
,扌
,扌
,扌
,扌
掇,扌
授,扌
掉,扌
掊,扌
,扌
掌,手
,扌
掎,扌
掏,扌
掐,扌
,扌
排,扌
,扌
,手
,扌
掖,扌
,扌
掘,扌
,扌
,扌
,扌
,扌
,扌
,扌
,扌
掠,扌
,扌
探,扌
掣,手
,扌
接,扌
,扌
控,扌
推,扌
掩,扌
措,扌
,扌
掬,扌
掭,扌
掮,扌
,扌
掰,手
,手
,扌
掳,扌
掴,扌
,扌
,扌
掷,扌
掸,扌
,扌
掺,扌
,扌
掼,扌
,扌
掾,扌
,扌
,扌
@,扌
A,扌
B,扌
揄,扌
C,手
揆,扌
D,扌
E,扌
揉,扌
F,扌
G,扌
H,扌
揍,扌
揎,扌
描,扌
提,扌
I,扌
插,扌
J,扌
K,扌
L,扌
揖,扌
M,扌
N,扌
O,扌
P,扌
Q,扌
R,扌
S,扌
揞,扌
T,扌
揠,扌
握,扌
U,扌
揣,扌
V,扌
W,扌
X,扌
Y,手
Z,扌
揩,扌
揪,扌
[,手
\,扌
揭,扌
],扌
^,扌
_,扌
`,手
揲,扌
a,扌
援,扌
b,扌
揶,扌
c,扌
揸,扌
d,扌
e,扌
f,扌
g,扌
揽,扌
h,扌
揿,扌
搀,扌
搁,扌
搂,扌
i,扌
j,扌
搅,扌
k,扌
l,扌
m,扌
n,扌
o,扌
搋,扌
搌,扌
p,扌
q,扌
搏,扌
搐,扌
r,扌
s,扌
搓,扌
搔,扌
t,扌
u,扌
v,扌
w,扌
x,扌
y,扌
搛,扌
搜,扌
z,扌
搞,扌
{,扌
搠,扌
搡,扌
|,扌
},扌
~,扌
,扌
搦,扌
,扌
,扌
,扌
搪,扌
,手
搬,扌
搭,扌
,扌
,扌
,扌
,扌
,扌
,扌
搴,手
,扌
,扌
,扌
,扌
,扌
携,扌
,手
,扌
搽,扌
,扌
搿,手
,扌
摁,扌
,扌
,扌
摄,扌
摅,扌
摆,扌
摇,扌
摈,扌
,扌
摊,扌
,扌
,扌
,扌
,扌
,扌
,扌
,扌
摒,扌
,扌
摔,扌
,扌
,扌
,扌
摘,扌
,扌
,扌
,扌
,扌
,扌
摞,扌
,扌
,扌
,扌
,扌
,扌
,扌
,扌
,扌
摧,扌
,扌
摩,手
,扌
,扌
,扌
摭,扌
,手
,手
,手
,扌
,扌
,扌
,扌
,扌
,扌
,扌
摸,扌
摹,手
摺,扌
,扌
,扌
,扌
,扌
,扌
,手
,扌
撂,扌
,手
撄,扌
撅,扌
,手
撇,扌
,扌
,手
,扌
,扌
,扌
,扌
,扌
,扌
,扌
撑,扌
撒,扌
,扌
,扌
撕,扌
撖,扌
,扌
,扌
撙,扌
,扌
,扌
,扌
,扌
撞,扌
,扌
,扌
,扌
,扌
,扌
撤,扌
,扌
,扌
,扌
,扌
撩,扌
,扌
,扌
撬,扌
播,扌
撮,扌
,扌
撰,扌
,扌
,扌
,扌
,扌
撵,扌
,扌
撷,扌
撸,扌
,扌
撺,扌
,扌
撼,扌
,扌
,扌
,扌
擀,扌
,扌
擂,扌
,扌
,扌
擅,扌
,扌
,扌
,扌
,扌
,手
,扌
,扌
操,扌
擎,手
,扌
擐,扌
,扌
擒,扌
,扌
,扌
,扌
,扌
擗,扌
擘,手
,扌
,扌
@,扌
A,扌
B,扌
擞,扌
C,扌
D,扌
E,扌
擢,扌
F,扌
擤,扌
G,手
擦,扌
H,手
I,扌
J,扌
K,手
L,扌
M,扌
N,扌
O,扌
P,扌
Q,扌
R,扌
S,扌
T,扌
U,扌
V,扌
W,扌
X,扌
Y,扌
Z,扌
[,扌
\,扌
],扌
^,扌
_,扌
`,扌
攀,手
a,扌
b,扌
c,扌
d,扌
e,扌
f,扌
g,扌
h,扌
攉,扌
i,扌
j,扌
k,扌
l,扌
m,扌
n,扌
o,扌
p,扌
攒,扌
q,扌
r,扌
s,扌
t,扌
u,扌
攘,扌
v,扌
w,扌
x,扌
y,扌
z,扌
{,扌
|,扌
},扌
~,扌
,扌
,手
,扌
攥,扌
,扌
,扌
,扌
,扌
,扌
攫,扌
,扌
,扌
攮,扌
支,支
,支
,支
,支
,支
攴,攵
攵,攵
收,攵
,攵
攸,攵
改,攵
,攵
攻,攵
,攵
,攵
放,攵
政,攵
,攵
,攴
,攵
,攵
,攵
故,攵
,攴
,攵
效,攵
敉,攵
,攴
,攵
敌,攵
,攴
,攵
敏,攵
,攵
救,攵
,攵
,攵
,攵
敕,攵
敖,攵
,攵
,攵
教,攵
,攵
敛,攵
,攵
敝,攵
敞,攵
,攵
,攴
,攴
敢,攵
散,攵
,攴
,攴
敦,攵
,攴
,攵
,攵
,攵
敫,攵
敬,攵
,攵
,攴
,攴
数,攵
,攴
敲,攴
,攵
整,攵
,攵
,攵
敷,攵
,攵
,攵
,攴
,攵
,攴
,攴
,攵
,攵
,攴
,攵
,攵
,攵
,攵
,攴
,攵
文,文
,文
,文
,文
斋,文
斌,文
,文
,文
,文
斐,文
斑,文
,文
斓,文
,文
,文
,文
斗,斗
,斗
料,斗
,斗
斛,斗
斜,斗
,斗
,斗
斟,斗
,斗
斡,斗
,斗
,斗
斤,斤
斥,斤
,斤
斧,斤
,斤
斩,斤
,斤
斫,斤
,斤
断,斤
,斤
斯,斤
新,斤
,斤
,斤
,斤
,斤
,斤
,斤
,斤
,斤
方,方
,方
,方
於,方
施,方
,方
,方
,方
旁,方
,方
旃,方
旄,方
旅,方
旆,方
,方
,方
,方
,方
旋,方
旌,方
,方
旎,方
族,方
,方
,方
旒,方
,方
,方
,方
旖,方
旗,方
,方
,方
,方
,方
,方
,方
,方
,方
无,一
,
既,
,
,
日,日
旦,日
旧,日
旨,日
早,日
,日
,日
旬,日
旭,日
旮,日
旯,日
旰,日
旱,日
@,日
A,日
B,日
C,日
时,日
旷,日
D,日
E,日
旺,日
F,日
G,日
H,日
I,日
J,日
昀,日
K,日
昂,日
昃,日
L,日
M,日
昆,日
N,日
O,日
P,日
昊,日
Q,日
昌,日
R,日
明,日
昏,日
S,日
T,日
U,日
易,日
昔,日
昕,日
V,日
W,日
X,日
昙,日
Y,日
Z,日
[,日
昝,日
\,日
星,日
映,日
],日
^,日
_,日
`,日
春,日
a,日
昧,日
昨,日
b,日
c,日
d,日
e,日
昭,日
f,日
是,日
g,日
昱,日
h,日
i,日
昴,日
昵,日
昶,日
j,日
k,日
l,日
m,日
n,日
昼,日
o,日
显,日
p,日
q,日
晁,日
r,日
晃,日
s,日
t,日
u,日
v,日
w,日
x,日
y,日
晋,日
晌,日
z,日
{,日
晏,日
|,日
},日
晒,日
晓,日
晔,日
晕,日
晖,日
晗,日
~,日
,日
晚,日
,日
,日
,日
,日
晟,日
,日
晡,日
,日
,日
晤,日
,日
晦,日
,日
晨,日
,日
,日
,日
,日
,日
普,日
景,日
晰,日
,日
,日
,日
晴,日
,日
晶,日
晷,日
,日
,日
智,日
,日
,日
,日
晾,日
,日
,日
,日
暂,日
,日
暄,日
,日
,日
暇,日
,日
,日
,日
,日
暌,日
,日
,日
,日
,日
暑,日
,日
,日
,日
,日
暖,日
暗,日
,日
,日
,日
,日
,日
暝,日
,日
,日
,日
,日
,日
,日
,日
,日
,日
暧,日
暨,日
,日
,日
,日
,日
,日
暮,日
,日
,日
,日
,日
,日
暴,日
,日
,日
,日
,日
暹,日
,日
,日
,日
,日
暾,日
,日
,日
,日
,日
,日
,日
,日
,日
,日
,日
,日
,日
,日
,日
,日
,日
,日
,日
,日
,日
,日
,日
,日
,日
,日
,日
曙,日
,日
曛,日
曜,日
曝,日
,日
,日
,日
,日
,日
,日
,日
,日
曦,日
,日
,日
曩,日
,日
,日
,日
,日
,日
,日
曰,曰
,曰
曲,曰
曳,曰
更,曰
,曰
,曰
曷,曰
,曰
曹,曰
,曰
,曰
曼,曰
,曰
曾,曰
替,曰
最,曰
,曰
,曰
,曰
@,曰
A,曰
B,日
C,曰
月,月
有,月
朊,月
朋,月
D,月
服,月
E,月
F,月
朐,月
G,月
H,月
I,月
朔,月
朕,月
J,月
朗,月
K,月
L,月
M,月
望,月
N,月
朝,月
O,月
期,月
P,月
Q,月
R,月
S,月
T,月
U,月
朦,月
V,月
木,木
W,木
未,木
末,木
本,木
札,木
X,木
术,木
Y,木
朱,木
Z,木
[,木
朴,木
朵,木
\,木
],木
^,木
_,木
机,木
`,木
a,木
朽,木
b,木
c,木
杀,木
d,木
杂,木
权,木
e,木
f,木
杆,木
g,木
杈,木
杉,木
h,木
i,木
杌,木
j,木
李,木
杏,木
材,木
村,木
k,木
杓,木
l,木
m,木
杖,木
n,木
o,木
p,木
q,木
r,木
杜,木
s,木
杞,木
束,木
杠,木
条,木
t,木
u,木
v,木
来,木
w,木
x,木
杨,木
杩,木
杪,木
y,木
z,木
杭,木
{,木
杯,木
杰,木
|,木
杲,木
杳,木
},木
杵,木
~,木
杷,木
,木
,木
,木
,木
杼,木
,木
松,木
板,木
,木
极,木
,木
,木
构,木
,木
,木
枇,木
,木
枉,木
,木
枋,木
,木
,木
,木
,木
析,木
,木
,木
,木
,木
枕,木
,木
林,木
枘,木
,木
枚,木
,木
果,木
枝,木
枞,木
,木
,木
,木
枢,木
枣,木
,木
枥,木
,木
枧,木
枨,木
,木
枪,木
枫,木
,木
枭,木
,木
枯,木
枰,木
,木
,木
枳,木
,木
枵,木
架,木
枷,木
枸,木
,木
,木
,木
,木
,木
,木
,木
,木
柁,木
,木
柃,木
柄,木
,木
,木
,木
,木
,木
,木
,木
,木
,木
,木
柏,木
某,木
柑,木
柒,木
染,木
柔,木
,木
,木
,木
柘,木
柙,木
柚,木
,木
柜,木
柝,木
柞,木
,木
柠,木
,木
柢,木
,木
,木
查,木
,木
,木
,木
柩,木
,木
,木
柬,木
,木
,木
柯,木
柰,木
柱,木
,木
柳,木
柴,木
,木
,木
,木
,木
,木
,木
,木
,木
柽,木
,木
柿,木
栀,木
,木
,木
,木
,木
栅,木
,木
标,木
栈,木
栉,木
栊,木
栋,木
栌,木
,木
栎,木
栏,木
,木
树,木
,木
栓,木
,木
,木
栖,木
栗,木
,木
,木
,木
,木
,木
栝,木
,木
,木
,木
校,木
,木
,木
,木
,木
,木
,木
,木
栩,木
株,木
,木
,木
,木
,木
,木
,木
,木
栲,木
栳,木
,木
,木
,木
样,木
核,木
根,木
,木
,木
格,木
栽,木
栾,木
,木
桀,木
桁,木
桂,木
桃,木
桄,木
桅,木
框,木
,木
案,木
桉,木
桊,木
,木
桌,木
,木
桎,木
,木
桐,木
桑,木
,木
桓,木
桔,木
桕,木
,木
,木
,木
,木
,木
,木
@,木
A,木
B,木
C,木
桠,木
桡,木
桢,木
档,木
桤,木
桥,木
桦,木
桧,木
桨,木
桩,木
D,木
桫,木
E,木
F,木
G,木
H,木
I,木
J,木
K,木
L,木
桴,木
M,木
桶,木
桷,木
N,木
O,木
P,木
Q,木
R,木
S,木
T,木
U,木
V,木
梁,木
W,木
梃,木
X,木
梅,木
梆,木
Y,木
Z,木
[,木
\,木
],木
^,木
_,木
`,木
梏,木
a,木
b,木
c,木
梓,木
d,木
e,木
f,木
梗,木
g,木
h,木
i,木
j,木
k,木
l,木
m,木
n,木
o,木
p,木
梢,木
q,木
r,木
s,木
梦,木
梧,木
梨,木
t,木
u,木
v,木
w,木
梭,木
x,木
梯,木
械,木
y,木
z,木
梳,木
{,木
梵,木
|,木
},木
~,木
,木
,木
,木
,木
,木
,木
,木
检,木
,木
棂,木
,木
,木
,木
,木
,木
,木
棉,木
,木
棋,木
,木
棍,木
,木
,木
,木
,木
棒,木
,木
,木
棕,木
,木
,木
棘,木
,木
,木
棣,木
,木
,木
,木
,木
,木
,木
,木
,木
,木
,木
森,木
,木
棰,木
棱,木
,木
,木
,木
棵,木
,木
,木
,木
棹,木
棺,木
,木
棼,木
,木
,木
,木
,木
椁,木
,木
,木
,木
椅,木
,木
,木
,木
,木
,木
椋,木
,木
植,木
椎,木
,木
椐,木
,木
椒,木
,木
,木
,木
,木
,木
,木
,木
,木
,木
,木
,木
,木
椟,木
椠,木
,木
,木
,木
椤,木
,木
,木
,木
,木
,木
,木
,木
,木
椭,木
,木
,木
椰,木
,木
,木
,木
椴,木
,木
,木
,木
,木
椹,木
,木
,木
,木
椽,木
,木
椿,木
,木
,木
楂,木
,木
,木
,木
,木
,木
,木
,木
,木
,木
,木
,木
,木
,木
,木
,木
,木
,木
楔,木
,木
,木
楗,木
,木
,木
楚,木
,木
,木
楝,木
楞,木
,木
楠,木
@,木
A,木
楣,木
B,木
C,木
楦,木
D,木
E,木
F,木
G,木
楫,木
H,木
I,木
楮,木
J,木
K,木
楱,木
L,木
M,木
N,木
O,木
P,木
楷,木
楸,木
楹,木
Q,木
R,木
楼,木
S,木
T,木
U,木
榀,木
V,木
概,木
W,木
榄,木
X,木
榆,木
榇,木
榈,木
榉,木
Y,木
Z,木
[,木
榍,木
\,木
],木
^,木
_,木
`,木
a,木
榔,木
榕,木
b,木
c,木
榘,木
d,木
e,木
榛,木
榜,木
f,木
g,木
h,木
i,木
j,木
k,木
l,木
m,木
n,木
o,木
榧,木
榨,木
p,木
q,木
榫,木
r,木
榭,木
s,木
t,木
u,木
榱,木
v,木
w,木
榴,木
x,木
y,木
榷,木
z,木
{,木
|,木
榻,木
},木
~,木
,木
,木
,木
槁,木
,木
,木
,木
,木
,木
,木
,木
,木
槊,木
,木
槌,木
,木
槎,木
,木
槐,木
,木
,木
,木
槔,木
,木
,木
,木
,木
,木
,木
槛,木
,木
,木
,木
槟,木
槠,木
,木
,木
,木
,木
,木
,木
,木
,木
,木
,木
,木
,木
槭,木
,木
,木
,木
,木
槲,木
,木
,木
,木
,木
,木
,木
,木
,木
,木
,木
槽,木
,木
槿,木
,木
,木
,木
,木
,木
,木
,木
,木
,木
,木
樊,木
,木
,木
,木
,木
,木
,木
,木
,木
,木
,木
,木
,木
樗,木
樘,木
,木
,木
,木
,木
,木
,木
樟,木
,木
模,木
,木
,木
,木
,木
,木
,木
樨,木
,木
横,木
,木
,木
,木
,木
樯,木
,木
樱,木
,木
,木
,木
樵,木
,木
,木
,木
,木
,木
,木
,木
樽,木
樾,木
,木
,木
,木
,木
,木
橄,木
,木
,木
橇,木
,木
,木
,木
,木
,木
,木
,木
,木
橐,木
,木
,木
,木
,木
,木
,木
,木
橘,木
橙,木
,木
橛,木
@,木
A,木
B,木
C,木
D,木
橡,木
E,木
F,木
G,木
橥,木
H,木
I,木
J,木
K,木
L,木
M,木
N,木
O,木
P,木
Q,木
R,木
橱,木
S,木
T,木
U,木
V,木
W,木
X,木
Y,木
橹,木
Z,木
[,木
橼,木
\,木
],木
^,木
檀,木
_,木
`,木
a,木
檄,木
b,木
c,木
d,木
e,木
f,木
g,木
h,木
i,木
j,木
檎,木
k,木
檐,木
檑,木
l,木
m,木
n,木
o,木
p,木
檗,木
q,木
r,木
s,木
t,木
u,木
v,木
w,木
x,木
檠,木
y,木
z,木
{,木
|,木
},木
~,木
,木
,木
檩,木
,木
檫,木
檬,木
,木
,木
,木
,木
,木
,木
,木
,木
,木
,木
,木
,木
,木
,木
,木
,木
,木
,木
,木
,木
,木
,木
,木
,木
,木
,木
,木
,木
,木
,木
,木
,木
,木
,木
,木
,木
,木
,木
,木
,木
,木
,木
,木
,木
,木
,木
,木
,木
,木
,木
,木
,木
,木
,木
,木
,木
,木
,木
,木
,木
,木
,木
,木
,木
,木
,木
,木
,木
,木
,木
,木
,木
,木
,木
,木
,木
,木
,木
,木
,木
,木
,木
,木
,木
,木
,木
,木
,木
,木
,木
,木
,木
,木
,木
,木
,木
,木
,木
,木
,木
,木
,木
,木
,木
,木
,木
,木
,木
,木
,木
,木
,木
,木
,木
,木
欠,欠
次,欠
欢,欠
欣,欠
欤,欠
,欠
,欠
欧,欠
,欠
,欠
,欠
,欠
,欠
,欠
,欠
@,欠
A,欠
B,欠
欲,欠
C,欠
D,欠
E,欠
F,欠
欷,欠
G,欠
欹,欠
欺,欠
H,欠
I,欠
J,欠
款,欠
K,欠
L,欠
M,欠
N,欠
歃,欠
O,欠
P,欠
歆,欠
歇,欠
Q,欠
歉,欠
R,欠
S,欠
歌,欠
T,欠
U,欠
V,欠
W,欠
X,欠
Y,欠
Z,欠
[,欠
\,欠
],欠
^,欠
_,欠
歙,欠
`,欠
a,欠
b,欠
c,欠
d,欠
e,欠
f,欠
g,欠
止,止
正,止
此,止
步,止
武,止
歧,止
h,止
i,止
歪,止
j,止
k,止
l,止
m,止
n,止
o,止
p,止
q,止
r,止
s,止
t,止
u,止
v,止
w,止
歹,歹
x,x
死,歹
歼,歹
y,歹
z,歹
{,歹
|,歹
殁,歹
殂,歹
殃,歹
殄,歹
},歹
殆,歹
殇,歹
~,歹
殉,歹
殊,歹
残,歹
,歹
殍,歹
,歹
,歹
,歹
,歹
殒,歹
殓,歹
,歹
,歹
殖,歹
,歹
,歹
,歹
殚,歹
殛,歹
,歹
,歹
,歹
,歹
,歹
殡,歹
,歹
,歹
,歹
,歹
,歹
,歹
,歹
,歹
殪,歹
,歹
,歹
,歹
,歹
,歹
,歹
,歹
,歹
殳,殳
殴,殳
段,殳
,殳
殷,殳
,殳
,殳
,殳
,殳
,殳
,殳
,殳
殿,殳
,殳
毁,殳
毂,殳
,殳
,殳
毅,殳
,殳
,殳
,殳
,殳
,殳
毋,毋
,毋
母,母
,毋
每,母
,毋
,母
毒,母
毓,母
比,比
毕,比
毖,比
毗,比
,比
毙,比
,比
毛,毛
,毛
,毛
,毛
,毛
,毛
毡,毛
,毛
,毛
,毛
,毛
,毛
,毛
,毛
,毛
毪,毛
毫,毛
,毛
,毛
,毛
毯,毛
,毛
,毛
,毛
毳,毛
,毛
毵,毛
,毛
氅,毛
氆,毛
氇,毛
,毛
,毛
,毛
,毛
,毛
氍,毛
,毛
氏,氏
氐,氏
民,氏
,氏
氓,氏
气,气
氕,气
氖,气
,气
氘,气
氙,气
氚,气
氛,气
,气
,气
,气
氟,气
,气
氡,气
氢,气
,气
氤,气
,气
氦,气
氧,气
氨,气
氩,气
氪,气
,气
,气
,气
氮,气
氯,气
氰,气
,气
氲,气
,气
水,水
氵,氵
,水
,水
永,水
,水
,水
,氵
,水
氽,水
,氵
,氵
汀,氵
汁,氵
求,水
,氵
,氵
,氵
汆,水
汇,氵
,氵
汉,氵
汊,氵
,氵
,氵
,氵
,氵
,氵
汐,氵
,氵
,氵
,氵
汔,氵
汕,氵
,水
汗,氵
,氵
@,氵
A,氵
汛,氵
汜,氵
汝,氵
汞,水
江,氵
池,氵
污,氵
B,氵
C,氵
汤,氵
D,氵
E,氵
F,氵
汨,氵
汩,氵
汪,氵
G,氵
H,水
I,氵
J,氵
K,氵
汰,氵
L,氵
汲,氵
M,氵
汴,氵
N,氵
汶,氵
O,氵
P,氵
汹,氵
Q,氵
R,氵
S,氵
汽,氵
汾,氵
T,氵
U,水
沁,氵
沂,氵
沃,氵
V,氵
沅,氵
沆,氵
W,氵
沈,氵
沉,氵
X,水
Y,氵
沌,氵
Z,氵
[,氵
沏,氵
沐,氵
\,氵
],氵
沓,水
沔,氵
^,氵
_,氵
`,水
a,氵
沙,氵
b,氵
沛,氵
c,氵
d,水
e,氵
沟,氵
f,氵
没,氵
g,氵
沣,氵
沤,氵
沥,氵
沦,氵
沧,氵
h,氵
沩,氵
沪,氵
沫,氵
i,氵
沭,氵
沮,氵
j,水
k,氵
沱,氵
沲,氵
河,氵
l,氵
m,氵
n,氵
o,氵
沸,氵
油,氵
p,氵
治,氵
沼,氵
沽,氵
沾,氵
沿,氵
q,氵
r,氵
s,氵
t,氵
泄,氵
泅,氵
u,氵
v,氵
w,氵
泉,水
泊,氵
x,氵
泌,氵
y,氵
z,氵
{,氵
泐,氵
|,氵
},氵
泓,氵
泔,氵
法,氵
泖,氵
泗,氵
~,氵
,氵
,氵
泛,氵
,氵
,氵
泞,氵
,氵
泠,氵
泡,氵
波,氵
泣,氵
,氵
泥,氵
,氵
,氵
注,氵
,氵
泪,氵
泫,氵
,氵
,氵
泮,氵
泯,氵
泰,水
泱,氵
,氵
泳,氵
,水
泵,水
泶,水
泷,氵
泸,氵
,氵
泺,氵
泻,氵
泼,氵
泽,氵
泾,氵
,氵
,氵
洁,氵
,氵
,氵
洄,氵
,氵
,氵
洇,氵
,氵
,氵
,氵
洋,氵
洌,氵
,氵
洎,氵
,氵
,氵
,氵
洒,氵
,氵
,氵
,氵
,氵
洗,氵
,氵
洙,氵
洚,氵
洛,氵
,水
,氵
洞,氵
,氵
,氵
,氵
,氵
,氵
,氵
津,氵
,氵
洧,氵
,氵
,氵
洪,氵
洫,氵
,氵
,氵
洮,氵
,水
,氵
洱,氵
洲,氵
洳,氵
,氵
洵,氵
,氵
,氵
,氵
洹,氵
,氵
活,氵
洼,氵
洽,氵
派,氵
,氵
,氵
流,氵
,氵
浃,氵
,氵
浅,氵
浆,水
浇,氵
浈,氵
,氵
浊,氵
测,氵
,氵
浍,氵
济,氵
浏,氵
,氵
浑,氵
浒,氵
浓,氵
浔,氵
,氵
,氵
,氵
,氵
浙,氵
浚,氵
,氵
浜,氵
,氵
浞,氵
,氵
浠,氵
,氵
,氵
浣,氵
,氵
,氵
浦,氵
,氵
,氵
浩,氵
浪,氵
,氵
,氵
,氵
浮,氵
浯,氵
,氵
,氵
,氵
,氵
浴,氵
,氵
,氵
海,氵
浸,氵
,氵
,氵
,氵
浼,氵
,氵
,氵
,氵
,氵
,氵
涂,氵
,氵
,氵
涅,氵
,氵
,氵
消,氵
涉,氵
,氵
,氵
涌,氵
,氵
涎,氵
,氵
,氵
涑,氵
,氵
涓,氵
涔,氵
涕,氵
,氵
,氵
,氵
,氵
,氵
涛,氵
,氵
涝,氵
涞,氵
涟,氵
涠,氵
涡,氵
,氵
涣,氵
涤,氵
,氵
润,氵
涧,氵
涨,氵
涩,氵
涪,氵
涫,氵
,氵
,氵
涮,氵
涯,氵
,氵
,氵
液,氵
,氵
,氵
涵,氵
,氵
,氵
涸,氵
,氵
,氵
,氵
,氵
,氵
,氵
涿,氵
淀,氵
,氵
,氵
,氵
淄,氵
淅,氵
淆,氵
淇,氵
,氵
,氵
,氵
淋,氵
淌,氵
@,氵
A,氵
B,氵
C,氵
淑,氵
D,氵
E,氵
F,氵
G,氵
淖,氵
H,氵
淘,氵
淙,氵
I,氵
J,氵
K,氵
淝,氵
淞,氵
L,氵
淠,氵
淡,氵
M,氵
N,氵
淤,氵
O,氵
淦,氵
P,氵
Q,氵
R,氵
S,氵
淫,氵
淬,氵
T,氵
淮,氵
U,氵
V,氵
深,氵
W,氵
淳,氵
X,氵
Y,氵
Z,氵
混,氵
[,氵
淹,氵
\,氵
添,氵
淼,水
],氵
^,水
_,氵
`,氵
a,氵
b,氵
c,氵
d,氵
清,氵
e,氵
f,氵
g,氵
h,氵
渊,氵
i,氵
渌,氵
渍,氵
渎,氵
j,氵
渐,氵
渑,氵
k,氵
l,氵
渔,氵
m,氵
渖,氵
渗,氵
n,氵
o,氵
渚,氵
p,氵
w,氵
温,氵
x,氵
渫,氵
y,氵
渭,氵
z,氵
港,氵
{,氵
|,氵
渲,氵
},氵
渴,氵
~,氵
,氵
,氵
游,氵
,氵
渺,氵
,氵
,氵
,氵
,氵
,氵
,氵
,氵
,氵
湃,氵
湄,氵
,氵
,氵
,氵
,氵
,氵
,氵
,氵
,氵
湍,氵
湎,氵
,氵
,氵
,氵
,氵
湓,氵
湔,氵
,氵
湖,氵
,氵
湘,氵
,氵
,氵
湛,氵
,氵
,氵
,氵
湟,氵
,氵
,氵
,氵
,氵
,氵
,氵
,氵
,氵
,氵
,氵
,氵
湫,氵
,水
,氵
湮,氵
,氵
,氵
,氵
,氵
,氵
,氵
,氵
,氵
,氵
,氵
,氵
,氵
,氵
,氵
,氵
湾,氵
湿,氵
,氵
,氵
,氵
溃,氵
,氵
溅,氵
溆,氵
,氵
,氵
溉,氵
,氵
,氵
,氵
,氵
,氵
溏,氵
源,氵
,氵
,氵
,氵
,氵
,氵
,氵
,氵
溘,氵
,氵
,氵
,氵
溜,氵
,氵
,氵
溟,氵
,氵
,氵
溢,氵
,氵
,氵
溥,氵
,氵
溧,氵
,氵
,氵
溪,氵
,氵
,氵
,氵
,氵
溯,氵
,氵
溱,氵
溲,氵
,氵
溴,氵
,氵
溶,氵
溷,氵
,氵
,氵
溺,氵
溻,氵
,氵
溽,氵
,氵
,氵
,氵
滁,氵
滂,氵
,氵
,氵
,氵
,氵
滇,氵
,氵
,氵
,氵
滋,氵
,氵
,氵
,水
滏,氵
,氵
滑,氵
,氵
滓,氵
滔,氵
滕,水
,氵
滗,氵
,氵
,氵
滚,氵
,氵
,氵
,氵
滞,氵
滟,氵
滠,氵
满,氵
滢,氵
,氵
滤,氵
滥,氵
滦,氵
,氵
滨,氵
滩,氵
,氵
,氵
,氵
,氵
,氵
,氵
@,氵
A,氵
B,氵
C,氵
滴,氵
D,氵
E,氵
F,氵
G,氵
滹,氵
H,氵
I,氵
J,氵
K,氵
L,氵
M,氵
N,水
O,氵
漂,氵
P,氵
Q,氵
R,氵
漆,氵
S,氵
T,氵
漉,氵
U,氵
V,氵
W,氵
X,氵
Y,氵
漏,氵
Z,水
[,氵
\,氵
漓,氵
演,氵
漕,氵
],氵
^,氵
_,氵
`,氵
a,氵
b,氵
c,氵
d,氵
e,氵
f,氵
漠,氵
g,氵
h,氵
i,氵
漤,氵
j,氵
k,水
l,氵
m,氵
漩,氵
漪,氵
漫,氵
n,氵
漭,氵
o,氵
漯,氵
p,氵
漱,氵
q,氵
漳,氵
r,氵
s,氵
漶,氵
t,氵
u,氵
v,氵
w,氵
x,氵
y,氵
z,氵
漾,氵
{,水
|,氵
},水
~,氵
,氵
,氵
,氵
潆,氵
潇,氵
,氵
,氵
,氵
潋,氵
,氵
潍,氵
,氵
,氵
,氵
,氵
,氵
,氵
,氵
,氵
,氵
,氵
潘,氵
,氵
,氵
,氵
潜,氵
,氵
潞,氵
,氵
,氵
,氵
潢,氵
,氵
,氵
,氵
潦,氵
,氵
,氵
,氵
,氵
,氵
,氵
潭,氵
潮,氵
,氵
,氵
,氵
潲,氵
,氵
潴,氵
,氵
,氵
,氵
潸,氵
,氵
潺,氵
,氵
潼,氵
,氵
,氵
,氵
,氵
,氵
,氵
,水
澄,氵
,氵
,氵
,氵
澈,氵
澉,氵
,氵
,氵
澌,氵
澍,氵
澎,氵
,氵
,氵
,氵
,氵
,氵
,氵
,氵
,氵
,氵
,氵
,氵
,氵
,氵
澜,氵
,氵
,氵
,氵
,氵
澡,氵
,氵
,氵
,氵
,氵
,氵
澧,氵
,氵
,水
,氵
,氵
,氵
,氵
,氵
,氵
,氵
,氵
,氵
澳,氵
,氵
,氵
澶,氵
,氵
,氵
澹,氵
,氵
,氵
,氵
,氵
,氵
,氵
激,氵
,氵
濂,氵
,氵
,氵
,氵
,氵
,氵
,氵
濉,氵
,氵
,氵
,水
,氵
,氵
,氵
,氵
濑,氵
濒,氵
,氵
,氵
,氵
,氵
,氵
,氵
,氵
,氵
,氵
,氵
,氵
濞,氵
,氵
濠,氵
濡,氵
,氵
,氵
,氵
,氵
@,氵
A,氵
B,氵
C,氵
D,氵
E,氵
F,氵
G,氵
濮,氵
濯,氵
H,氵
I,氵
J,氵
K,氵
L,氵
M,氵
N,氵
O,水
P,氵
Q,氵
R,氵
S,氵
T,氵
U,氵
V,氵
W,氵
X,氵
Y,氵
Z,氵
[,氵
\,氵
],氵
^,氵
_,氵
`,氵
a,氵
b,氵
c,氵
d,氵
e,氵
f,氵
g,氵
h,氵
瀑,氵
i,氵
j,氵
k,氵
l,氵
m,氵
n,氵
o,氵
p,氵
瀚,氵
瀛,氵
q,氵
r,氵
s,氵
t,氵
u,氵
v,氵
w,氵
瀣,氵
x,氵
y,氵
z,氵
{,氵
|,氵
},氵
~,水
,氵
,氵
,氵
,氵
,氵
,氵
,氵
,氵
,氵
,氵
瀵,氵
,氵
,氵
,氵
瀹,氵
,氵
,氵
,氵
,氵
,氵
,氵
,氵
,氵
,氵
,氵
,氵
,氵
,氵
,氵
,氵
,氵
,氵
,氵
灌,氵
,氵
,氵
灏,氵
,氵
,氵
,氵
,水
,氵
,氵
,氵
,氵
,氵
,氵
,氵
,氵
,氵
,氵
灞,氵
,氵
,氵
,氵
,氵
,氵
,氵
,水
,氵
,氵
,氵
,氵
,氵
火,火
灬,灬
灭,火
,火
灯,火
灰,火
,火
,火
,火
,火
灵,火
灶,火
,火
灸,火
,火
,火
,火
灼,火
,火
灾,火
灿,火
炀,火
,灬
,火
,火
,火
炅,火
,火
,火
,火
炉,火
炊,火
,火
,火
,火
炎,火
,火
,火
,火
炒,火
,火
炔,火
炕,火
炖,火
,火
,火
炙,火
,火
,火
炜,火
炝,火
,火
,火
,火
,火
,火
,火
,火
,火
,火
,火
,火
,火
,火
炫,火
炬,火
炭,火
炮,火
炯,火
,灬
炱,火
,火
炳,火
,火
,火
,火
炷,火
炸,火
点,灬
,灬
炻,火
炼,火
炽,火
,火
,火
烀,火
烁,火
烂,火
烃,火
,火
,火
,火
,火
烈,灬
,火
烊,火
,灬
,火
,火
,火
,灬
,火
,火
,火
,火
,火
,火
,火
,火
烘,火
烙,火
,火
烛,火
@,火
A,灬
B,火
烟,火
C,火
D,火
E,火
F,火
烤,火
G,火
烦,火
烧,火
烨,火
烩,火
H,火
烫,火
烬,火
热,灬
I,火
烯,火
J,火
K,火
L,火
M,火
N,火
O,火
P,火
烷,火
Q,火
烹,灬
R,火
S,火
T,火
烽,火
U,火
V,火
W,火
X,火
Y,火
Z,火
[,灬
\,火
],火
^,火
_,火
焉,灬
焊,火
`,火
a,火
b,火
c,灬
d,灬
焐,火
e,火
f,火
焓,火
g,火
焕,火
焖,火
h,火
焘,灬
焙,火
焚,火
i,火
j,火
k,火
l,火
m,火
n,火
o,灬
p,火
q,灬
r,火
s,火
焦,灬
t,火
u,火
v,火
w,火
x,火
y,火
z,火
{,火
焯,火
焰,火
焱,火
|,火
},火
~,火
,火
然,灬
,火
,火
,火
,火
,火
,火
,火
,火
,火
,火
,火
,火
,火
,火
煅,火
,火
,火
,火
,火
煊,火
,火
煌,火
,火
煎,灬
,火
,火
,火
,火
,火
,火
,灬
,火
,火
,火
,火
,火
,火
煜,火
,火
煞,灬
,火
,火
,火
,火
,火
煤,火
,火
煦,灬
照,灬
煨,火
,火
,火
,火
,火
,灬
煮,灬
,火
,火
,火
煲,火
煳,火
,火
,火
,火
,火
煸,火
,火
煺,火
,火
,火
煽,火
,火
,火
,火
,火
,火
,火
熄,火
,火
,火
,火
,灬
,火
熊,灬
,火
,火
,火
,火
熏,灬
,火
,火
,火
,火
熔,火
,火
,火
,火
熘,火
熙,灬
,火
,火
,火
,火
,火
熟,灬
熠,火
,火
,火
,火
,火
,火
,火
,火
熨,火
,火
,火
,火
熬,灬
,火
,火
,火
,火
,灬
,火
熳,火
,火
熵,火
,火
,火
,火
熹,灬
,火
,火
,火
,火
,火
,火
,火
,火
,火
燃,火
,火
,火
,火
,火
,火
,火
,火
,火
,火
,火
燎,火
,火
,火
,火
,火
,火
燔,火
燕,灬
@,火
A,火
B,火
C,火
D,火
E,火
F,火
G,火
H,灬
I,火
燠,火
J,火
K,火
L,火
M,火
燥,火
N,火
燧,火
O,火
P,火
Q,火
R,火
S,火
T,火
燮,火
U,火
V,火
W,火
X,火
Y,火
Z,火
[,火
\,火
],火
^,火
燹,火
_,火
`,火
a,火
b,火
c,灬
d,火
e,火
f,火
g,火
h,火
i,火
j,火
爆,火
k,灬
l,火
m,火
n,火
o,火
p,火
q,火
r,火
s,火
t,火
u,火
v,火
w,火
x,火
y,火
z,火
{,火
|,火
},火
~,火
,火
,火
爝,火
,火
,火
,火
,火
,灬
,火
,火
,火
,火
,火
爨,火
,火
爪,爪
,
爬,爪
,
,爪
,
爰,
爱,
,
,
,爪
爵,
父,父
爷,父
爸,父
爹,父
,父
爻,爻
,爻
爽,爻
,爻
爿,爿
,爿
,爿
,爿
,爿
,爿
,爿
,爿
片,片
版,片
,片
,片
,片
牌,片
牍,片
,片
,片
,片
,片
牒,片
,片
,片
,片
牖,片
,片
,片
牙,牙
,牙
牛,牛
,
牝,
,
牟,牛
,
牡,
牢,牛
,
,
,
牦,
牧,
,
物,
,
,
,
,
牮,牛
牯,
,
,
牲,
,
,
牵,牛
,牛
,
,
特,
牺,
,
,
,牛
牾,
牿,
犀,牛
犁,牛
,牛
,
犄,
,
,
,牛
,
,
犊,
犋,
,
犍,
,牛
犏,
,
,
犒,
,
,
,
,牛
,
,牛
,
,牛
,牛
,
,
,
犟,牛
,
,
,
,
,
,
,
,
,牛
,牛
,
,牛
犬,犬
犭,犭
,犬
犯,犭
犰,犭
,犭
,犭
,犭
犴,犭
,犭
状,犬
犷,犭
犸,犭
犹,犭
,犭
,犭
,犭
,犭
,犭
,犭
,犬
狁,犭
狂,犭
狃,犭
狄,犭
,犭
,犭
,犭
狈,犭
,犭
,犬
,犭
,犭
狍,犭
狎,犭
,犭
狐,犭
,犭
狒,犭
,犭
,犭
,犭
,犭
狗,犭
,犭
狙,犭
,犭
,犭
@,犭
A,犭
狞,犭
B,犭
狠,犭
狡,犭
C,犭
D,犭
E,犭
F,犭
G,犭
H,犭
狨,犭
狩,犭
I,犭
J,犭
独,犭
狭,犭
狮,犭
狯,犭
狰,犭
狱,犭
狲,犭
狳,犭
狴,犭
K,犭
L,犭
狷,犭
狸,犭
M,犭
狺,犭
狻,犭
狼,犭
N,犭
O,犭
P,犭
Q,犭
猁,犭
R,犭
猃,犭
S,犭
T,犭
U,犬
V,犭
W,犭
X,犭
猊,犭
Y,犬
Z,犬
[,犭
猎,犭
\,犭
],犭
^,犭
_,犬
猓,犭
`,犭
猕,犭
猖,犭
猗,犭
a,犭
b,犭
c,犭
猛,犭
猜,犭
猝,犭
猞,犭
d,犭
e,犭
猡,犭
猢,犭
f,犭
g,犭
猥,犭
h,犭
i,犭
j,犭
猩,犭
猪,犭
猫,犭
猬,犭
k,犭
献,犬
l,犭
m,犭
猱,犭
n,犭
o,犭
猴,犭
p,犭
q,犭
猷,犬
猸,犭
猹,犭
r,犭
s,犭
t,犭
u,犭
猾,犭
猿,犭
v,犭
w,犭
x,犭
y,犬
z,犭
{,犭
|,犭
},犭
~,犭
,犭
,犭
,犭
,犭
獍,犭
,犬
,犭
獐,犭
,犭
獒,犬
,犭
,犭
,犭
,犭
獗,犭
,犬
,犭
,犭
,犭
,犭
,犭
,犭
,犭
獠,犭
,犭
,犭
,犬
,犭
,犭
,犭
,犭
,犭
,犭
,犭
,犭
獬,犭
獭,犭
,犭
獯,犭
,犭
,犭
@,犭
A,犭
B,犭
C,犭
D,犭
E,犭
F,犬
G,犭
H,犭
I,犬
J,犭
K,犭
獾,犭
L,犭
M,犭
N,犭
O,犭
P,犭
玄,玄
Q,玄
R,玄
率,玄
S,玄
玉,玉
T,玉
王,王
U,王
V,丿
玎,王
W,王
X,王
玑,王
Y,王
Z,王
[,王
\,王
玖,王
],王
^,王
_,王
`,王
玛,王
a,王
b,王
c,王
玟,王
d,王
e,王
玢,王
f,王
g,王
h,王
i,王
j,王
k,王
玩,王
l,王
玫,攵
m,王
n,王
玮,王
环,王
现,见
o,王
玲,王
玳,王
p,王
q,王
r,王
玷,王
s,王
t,王
玺,玉
玻,王
u,王
v,王
w,王
x,王
珀,王
y,王
珂,王
z,王
{,王
|,王
},王
~,王
珈,王
珉,王
珊,王
,王
,王
珍,王
,王
珏,王
珐,王
珑,王
,王
,王
,王
,王
,王
,王
,王
珙,王
,王
,王
,王
,王
珞,王
,王
珠,王
,王
,王
,王
,王
珥,王
,王
珧,王
,王
珩,王
,王
,王
,王
班,王
,王
,王
,王
,王
珲,车
,王
,王
,王
,王
,王
@,王
A,王
B,王
C,王
D,王
E,王
F,见
G,王
H,王
I,王
J,王
球,王
K,王
琅,王
理,王
L,王
M,王
琉,王
琊,王
N,王
O,王
P,王
Q,王
琏,王
琐,王
R,王
S,王
T,王
U,王
V,王
W,王
X,王
Y,王
Z,王
琚,王
琛,王
[,王
\,王
],玉
^,王
_,王
`,王
琢,王
a,王
b,王
琥,王
琦,王
c,玉
琨,王
d,王
琪,王
e,王
琬,王
f,王
琮,王
g,王
琰,王
h,王
i,王
琳,王
琴,王
琵,比
琶,王
j,王
k,王
l,木
m,王
n,王
琼,王
o,王
p,王
q,车
r,王
瑁,王
s,王
t,王
u,王
v,王
w,王
x,王
y,王
z,王
{,王
|,王
},王
~,王
,王
,王
,王
,王
,王
,王
,王
瑕,王
,王
瑗,王
,王
瑙,王
瑚,王
瑛,王
瑜,王
,王
瑞,王
瑟,王
,王
,王
,王
,王
,王
,王
,王
,王
,王
,玉
,王
,王
,玉
瑭,王
,王
,王
瑰,王
,王
,王
,王
,难检字
,王
瑶,王
瑷,王
,王
,王
,王
@,王
A,王
B,王
瑾,王
C,玉
璀,王
璁,王
D,王
璃,王
E,王
F,王
G,王
璇,王
H,王
I,王
J,王
璋,王
K,王
L,王
璎,王
M,王
璐,王
N,王
O,王
P,王
Q,王
R,王
S,王
T,玉
U,王
V,王
W,王
X,王
璜,王
Y,王
璞,王
Z,王
[,王
\,王
],王
^,王
_,王
`,王
a,王
璧,玉
璨,王
璩,王
b,王
c,王
d,王
e,王
f,王
g,王
h,王
i,王
j,王
k,王
l,王
m,王
n,王
o,王
p,王
q,王
璺,玉
r,王
s,王
t,玉
u,王
v,王
w,王
x,王
y,王
z,王
{,王
|,王
},王
~,王
,王
,王
,王
,王
,王
,王
,王
,王
,王
,王
瓒,王
,王
,王
,玉
,王
,王
,王
,王
,王
,王
瓜,瓜
,瓜
瓞,瓜
,瓜
瓠,瓜
,瓜
瓢,瓜
瓣,瓜
瓤,瓜
,瓜
瓦,瓦
,瓦
,瓦
,瓦
,瓦
,瓦
,瓦
,瓦
瓮,瓦
瓯,瓦
,瓦
,瓦
,瓦
@,瓦
瓴,瓦
A,瓦
瓶,瓦
瓷,瓦
B,瓦
C,瓦
D,瓦
E,瓦
F,瓦
G,瓦
H,瓦
瓿,瓦
I,瓦
J,瓦
K,瓦
L,瓦
甄,瓦
M,瓦
N,瓦
O,瓦
P,瓦
Q,瓦
R,瓦
S,瓦
T,瓦
甍,瓦
U,瓦
甏,瓦
V,瓦
甑,瓦
W,瓦
甓,瓦
X,瓦
Y,瓦
Z,瓦
[,瓦
甘,甘
甙,甘
甚,甘
\,甘
甜,甘
],甘
^,甘
生,生
_,生
`,生
a,生
b,生
c,生
甥,生
d,生
e,生
用,用
甩,用
f,用
甫,用
甬,用
甭,用
g,用
甯,用
田,田
由,田
甲,田
申,田
h,田
电,田
i,田
男,田
甸,田
j,田
町,田
画,田
k,田
l,田
甾,田
m,田
畀,田
n,田
o,田
p,田
q,田
畅,田
r,田
s,田
畈,田
t,田
u,田
畋,田
界,田
v,田
畎,田
畏,田
w,田
x,田
y,田
z,田
畔,田
{,田
|,田
},田
~,田
留,田
畚,田
畛,田
畜,田
,田
,田
,田
,田
,田
,田
,田
,田
略,田
畦,田
,田
,田
,田
番,田
,田
,田
,田
,田
,田
,田
,田
畲,田
,田
畴,田
,田
,田
,田
畸,田
畹,田
,田
,田
,田
,田
,田
畿,田
,田
,田
,田
疃,田
,田
,田
疆,田
,田
@,田
A,田
B,田
疋,疋
C,疋
D,疋
E,疋
疏,疋
F,疋
疑,疋
疒,疒
G,疒
疔,疒
H,疒
疖,疒
疗,疒
I,疒
疙,疒
疚,疒
J,疒
K,疒
疝,疒
L,疒
疟,疒
疠,疒
疡,疒
M,疒
疣,疒
疤,疒
疥,疒
N,疒
O,疒
P,疒
Q,疒
R,疒
疫,疒
疬,疒
S,疒
疮,疒
疯,疒
疰,疒
疱,疒
疲,疒
疳,疒
疴,疒
疵,疒
T,疒
U,疒
疸,疒
疹,疒
V,疒
W,疒
疼,疒
疽,疒
疾,疒
X,疒
Y,疒
Z,疒
痂,疒
痃,疒
痄,疒
病,疒
[,疒
症,疒
痈,疒
痉,疒
痊,疒
\,疒
],疒
痍,疒
^,疒
_,疒
`,疒
a,疒
痒,疒
b,疒
痔,疒
痕,疒
痖,疒
c,疒
痘,疒
d,疒
e,疒
痛,疒
f,疒
g,疒
痞,疒
h,疒
i,疒
j,疒
痢,疒
痣,疒
痤,疒
k,疒
痦,疒
痧,疒
痨,疒
l,疒
痪,疒
痫,疒
m,疒
n,疒
o,疒
p,疒
痰,疒
痱,疒
q,疒
r,疒
痴,疒
s,疒
t,疒
u,疒
v,疒
痹,疒
w,疒
x,疒
痼,疒
y,疒
z,疒
痿,疒
瘀,疒
瘁,疒
{,疒
瘃,疒
|,疒
瘅,疒
},疒
~,疒
,疒
,疒
瘊,疒
,疒
瘌,疒
,疒
,疒
,疒
瘐,疒
,疒
,疒
,疒
,疒
瘕,疒
,疒
瘗,疒
瘘,疒
瘙,疒
,疒
瘛,疒
,疒
,疒
,疒
瘟,疒
瘠,疒
,疒
瘢,疒
,疒
瘤,疒
瘥,疒
瘦,疒
,疒
,疒
瘩,疒
瘪,疒
瘫,疒
,疒
瘭,疒
,疒
,疒
瘰,疒
,疒
,疒
瘳,疒
瘴,疒
瘵,疒
,疒
,疒
瘸,疒
,疒
,疒
,疒
瘼,疒
,疒
瘾,疒
瘿,疒
癀,疒
,疒
,疒
癃,疒
,疒
@,疒
A,疒
B,疒
C,疒
D,疒
E,疒
F,疒
癌,疒
癍,疒
G,疒
H,疒
I,疒
J,疒
K,疒
L,疒
癔,疒
M,疒
癖,疒
N,疒
O,疒
P,疒
Q,疒
R,疒
癜,疒
S,疒
癞,疒
T,疒
U,疒
V,疒
W,疒
癣,疒
X,疒
Y,疒
Z,疒
[,疒
\,疒
],疒
^,疒
癫,疒
_,疒
`,疒
a,疒
癯,疒
b,疒
c,疒
d,疒
e,疒
f,疒
g,疒
h,h
i,h
癸,h
j,h
k,h
登,h
l,h
白,白
百,白
m,白
n,白
o,白
皂,白
p,白
的,白
q,白
皆,白
皇,白
皈,白
r,白
s,白
皋,白
t,白
u,白
皙,白
},白
~,白
,白
,白
,白
,白
,白
,白
,白
,白
皤,白
,白
,白
,白
,白
,白
,白
,白
,白
,白
皮,皮
,皮
,皮
皱,皮
皲,皮
,皮
皴,皮
,皮
,皮
,皮
,皮
,皮
,皮
,皮
,皮
,皮
,皮
皿,皿
,皿
,皿
盂,皿
,皿
@,皿
盅,皿
盆,皿
A,皿
盈,皿
B,皿
益,皿
C,皿
D,皿
盍,皿
盎,皿
盏,皿
盐,皿
监,皿
盒,皿
E,皿
盔,皿
F,皿
盖,皿
盗,皿
盘,皿
G,皿
H,皿
盛,皿
I,皿
J,皿
K,皿
盟,皿
L,皿
M,皿
N,皿
O,皿
P,皿
盥,皿
Q,皿
R,皿
S,皿
T,皿
U,皿
V,皿
W,皿
X,皿
目,目
盯,目
Y,目
盱,目
盲,目
Z,目
直,目
[,目
\,目
],目
相,目
盹,目
^,目
_,目
盼,目
`,目
盾,目
a,目
b,目
省,目
c,目
d,目
眄,目
e,目
f,目
眇,目
眈,目
眉,目
g,目
看,目
h,目
眍,目
i,目
j,目
k,目
l,目
m,目
n,目
o,目
p,目
q,目
r,目
s,目
眙,目
眚,目
t,目
u,目
v,目
w,目
真,目
眠,目
x,目
眢,目
y,目
z,目
{,目
眦,目
|,目
眨,目
眩,目
},目
~,目
,目
眭,目
,目
眯,目
,目
,目
,目
,目
,目
眵,目
眶,目
眷,目
眸,目
,目
眺,目
,目
眼,目
,目
,目
,目
着,目
睁,目
,目
睃,目
,目
,目
,目
睇,目
,目
,目
,目
,目
,目
,目
,目
,目
睐,目
睑,目
,目
,目
,目
,目
,目
,目
,目
,目
睚,目
睛,目
,目
@,目
A,目
B,目
C,目
睡,目
睢,目
督,目
D,目
睥,目
睦,目
E,目
睨,目
F,目
G,目
睫,目
睬,目
H,目
I,目
J,目
K,目
L,目
M,目
N,目
O,目
P,目
Q,目
R,目
S,目
睹,目
T,目
U,目
V,目
睽,目
睾,目
睿,目
瞀,目
W,目
X,目
Y,目
瞄,目
瞅,目
Z,目
[,目
\,目
],目
^,目
_,目
瞌,目
瞍,目
瞎,目
`,目
a,目
瞑,目
瞒,目
b,目
c,目
d,目
e,目
f,目
g,目
h,目
i,目
j,目
k,目
l,目
m,目
瞟,目
瞠,目
n,目
瞢,目
o,目
p,目
瞥,目
q,目
瞧,目
r,目
瞩,目
瞪,目
s,目
瞬,目
t,目
u,目
v,目
瞰,目
w,目
x,目
瞳,目
y,目
瞵,目
z,目
{,目
|,目
},目
~,目
瞻,目
,目
瞽,目
,目
瞿,目
,目
,目
,目
,目
,目
,目
,目
,目
,目
,目
,目
,目
,目
矍,目
,目
,目
,目
,目
,目
,目
,目
,目
,目
矗,目
,目
,目
,目
矛,矛
矜,矛
,矛
,矛
,矛
,矛
,矛
矢,矢
矣,矢
,矢
知,矢
@,矢
矧,矢
A,矢
矩,矢
B,矢
矫,矢
矬,矢
短,矢
矮,矢
C,矢
D,矢
E,矢
F,矢
石,石
G,石
H,石
矶,石
I,石
矸,石
J,石
K,石
L,石
M,石
矽,石
矾,石
矿,石
砀,石
码,石
砂,石
N,石
O,石
P,石
Q,石
R,石
S,石
砉,石
T,石
U,石
砌,石
砍,石
V,石
W,石
X,石
砑,石
砒,石
Y,石
研,石
Z,石
砖,石
砗,石
砘,石
[,石
砚,石
\,石
砜,石
砝,石
],石
砟,石
^,石
_,石
`,石
砣,石
a,石
砥,石
砦,石
砧,石
b,石
砩,石
c,石
d,石
砬,石
砭,石
e,石
f,石
砰,石
g,石
h,石
i,石
破,石
j,石
k,石
砷,石
砸,石
砹,石
砺,石
砻,石
砼,石
l,石
砾,石
m,石
础,石
n,石
o,石
p,石
q,石
硅,石
r,石
硇,石
s,石
t,石
u,石
v,石
硌,石
w,石
硎,石
x,石
硐,石
y,石
硒,石
z,石
{,石
硕,石
硖,石
硗,石
|,石
},石
~,石
,石
,石
硝,石
,石
,石
,石
,石
,石
,石
,石
,石
,石
,石
,石
,石
硪,石
硫,石
硬,石
硭,石
确,石
,石
,石
,石
,石
,石
,石
,石
,石
硷,石
,石
,石
,石
,石
硼,石
,石
,石
,石
,石
,石
,石
,石
@,石
A,石
B,石
碇,石
C,石
碉,石
D,石
E,石
碌,石
碍,石
碎,石
F,石
G,石
碑,石
H,石
碓,石
I,石
J,石
K,石
碗,石
碘,石
L,石
碚,石
碛,石
碜,石
M,石
N,石
碟,石
O,石
碡,石
P,石
碣,石
Q,石
碥,石
R,石
碧,石
S,石
T,石
U,石
V,石
W,石
X,石
],石
^,石
碹,石
_,石
`,石
a,石
b,石
碾,石
c,石
d,石
磁,石
e,石
f,石
g,石
磅,石
h,石
i,石
j,石
磉,石
磊,石
磋,石
k,石
l,石
m,石
n,石
磐,石
o,石
p,石
q,石
磔,石
磕,石
r,石
s,石
t,石
磙,石
u,石
v,石
w,石
x,石
y,石
z,石
{,石
|,石
},石
~,石
,石
,石
,石
,石
磨,石
,石
,石
,石
磬,石
,石
,石
,石
,石
,石
磲,石
,石
磴,石
,石
,石
磷,石
,石
,石
磺,石
,石
,石
,石
,石
,石
,石
礁,石
,石
,石
,石
礅,石
,石
,石
,石
,石
,石
,石
,石
@,石
A,石
B,石
C,石
D,石
E,石
礓,石
F,石
G,石
H,石
I,石
J,石
K,石
L,石
M,石
N,石
O,石
礞,石
P,石
Q,石
R,石
S,石
T,石
礤,石
U,石
V,石
W,石
X,石
Y,石
Z,石
[,石
\,石
],石
^,石
_,石
`,石
a,石
b,石
c,石
礴,石
d,石
e,石
f,石
g,石
h,石
示,示
礻,礻
礼,礻
i,礻
社,礻
j,礻
祀,礻
祁,礻
k,礻
l,礻
m,礻
n,礻
祆,礻
o,礻
祈,礻
祉,礻
p,礻
q,礻
r,礻
s,礻
t,礻
u,礻
v,礻
w,礻
x,礻
祓,礻
y,礻
z,礻
祖,礻
祗,礻
{,示
|,礻
祚,礻
祛,礻
祜,礻
祝,礻
神,礻
祟,示
祠,礻
},示
祢,礻
~,礻
,礻
祥,礻
,礻
祧,礻
票,示
,礻
,礻
,礻
,礻
祭,示
,礻
祯,礻
,礻
,礻
,礻
,礻
,礻
,礻
,礻
祷,礻
祸,礻
,礻
祺,礻
,礻
,礻
,礻
,礻
,礻
禀,示
禁,示
,礻
,礻
禄,礻
禅,礻
,礻
,礻
,礻
,礻
禊,礻
,礻
,礻
,礻
,礻
福,礻
,礻
,礻
,礻
@,礻
A,礻
B,礻
C,礻
D,礻
E,礻
F,礻
禚,礻
G,礻
H,示
I,礻
J,礻
K,礻
L,礻
M,礻
N,礻
O,礻
P,礻
Q,礻
R,示
禧,礻
S,礻
T,礻
U,礻
V,礻
W,礻
X,礻
Y,礻
Z,礻
[,礻
\,礻
],礻
禳,礻
^,礻
_,礻
`,礻
a,礻
b,忄
禹,忄
禺,忄
离,忄
c,忄
禽,忄
禾,禾
d,禾
秀,禾
私,禾
e,禾
秃,禾
f,禾
g,禾
秆,禾
h,禾
i,禾
秉,禾
j,禾
秋,禾
k,禾
种,禾
l,禾
m,禾
n,禾
科,禾
秒,禾
o,禾
p,禾
秕,禾
q,禾
r,禾
秘,禾
s,禾
t,禾
u,禾
v,禾
w,禾
x,禾
租,禾
y,禾
z,禾
{,禾
秣,禾
秤,禾
|,禾
秦,禾
秧,禾
},禾
秩,禾
~,禾
秫,禾
,禾
秭,禾
,禾
积,禾
称,禾
,禾
,禾
,禾
,禾
,禾
,禾
,禾
秸,禾
,禾
,禾
移,禾
,禾
秽,禾
,禾
,禾
稀,禾
,禾
稂,禾
稃,禾
,禾
,禾
稆,禾
,禾
,禾
,禾
,禾
程,禾
,禾
稍,禾
税,禾
,禾
,禾
,禾
,禾
,禾
稔,禾
,禾
,禾
稗,禾
,禾
,禾
稚,禾
,禾
,禾
@,禾
稞,禾
A,禾
稠,禾
B,禾
C,禾
稣,禾
D,禾
E,禾
F,禾
G,禾
H,禾
I,禾
J,禾
K,禾
L,禾
M,禾
N,禾
O,禾
P,禾
Q,禾
R,禾
稳,禾
S,禾
T,禾
U,禾
稷,禾
V,禾
稹,禾
W,禾
稻,禾
稼,禾
稽,禾
X,禾
稿,禾
Y,禾
Z,禾
[,禾
\,禾
],禾
^,禾
穆,禾
_,禾
`,禾
a,禾
b,禾
c,禾
d,禾
e,禾
f,禾
g,禾
h,禾
穑,禾
i,禾
j,禾
k,禾
l,禾
m,禾
穗,禾
n,禾
o,禾
p,禾
q,禾
r,禾
s,禾
t,禾
u,禾
v,禾
w,禾
x,禾
y,禾
z,禾
{,禾
|,禾
},禾
~,禾
,禾
,禾
,禾
,禾
,禾
,禾
,禾
穰,禾
,禾
,禾
,禾
穴,穴
,穴
究,穴
穷,穴
穸,穴
穹,穴
空,穴
,穴
,穴
,穴
,穴
穿,穴
窀,穴
突,穴
,穴
窃,穴
窄,穴
,穴
窆,穴
,穴
,穴
窑,穴
窒,穴
,穴
,穴
窕,穴
窖,穴
窗,穴
窘,穴
,穴
,穴
,穴
窜,穴
窝,穴
,穴
窟,穴
窠,穴
,穴
,穴
@,穴
A,穴
窥,穴
窦,穴
B,穴
窨,穴
C,穴
D,穴
E,穴
窬,穴
窭,穴
F,穴
G,穴
H,穴
I,穴
J,穴
窳,穴
K,穴
L,穴
M,穴
N,穴
O,穴
P,穴
Q,穴
R,穴
S,穴
T,穴
U,穴
窿,穴
V,穴
W,穴
X,穴
Y,穴
Z,穴
[,穴
\,穴
],穴
^,穴
_,穴
`,穴
立,立
a,立
b,立
c,立
d,立
e,立
f,立
g,立
h,立
i,立
j,立
竖,立
k,立
l,立
站,立
m,立
n,立
o,立
p,立
竞,立
竟,立
章,立
q,立
r,立
竣,立
s,立
童,立
竦,立
t,立
u,立
v,立
w,立
x,立
y,立
竭,立
z,立
端,立
{,立
|,立
},立
~,立
,立
,立
,立
,立
,立
竹,竹
竺,竹
,竹
,竹
竽,竹
,竹
竿,竹
,竹
,竹
,竹
笃,竹
笄,竹
,竹
笆,竹
,竹
笈,竹
,竹
笊,竹
笋,竹
,竹
,竹
,竹
笏,竹
,竹
笑,竹
,竹
,竹
笔,毛
笕,见
,竹
,竹
,竹
笙,竹
,竹
笛,竹
,竹
,竹
笞,竹
,竹
笠,竹
,竹
,竹
,竹
笤,竹
笥,竹
符,竹
,竹
笨,竹
,竹
笪,竹
笫,竹
第,竹
,竹
笮,竹
@,竹
A,竹
笱,竹
B,竹
笳,竹
C,竹
D,竹
E,竹
F,竹
笸,竹
G,竹
笺,竹
H,竹
笼,龙
I,竹
笾,竹
J,竹
K,竹
L,竹
M,竹
N,竹
O,竹
筅,竹
P,竹
筇,竹
Q,竹
等,竹
R,竹
筋,竹
筌,竹
S,竹
T,竹
筏,竹
筐,竹
筑,竹
筒,竹
U,竹
答,竹
V,竹
策,竹
W,竹
筘,竹
X,竹
筚,竹
筛,竹
Y,竹
筝,竹
Z,竹
[,竹
筠,竹
\,竹
筢,竹
],竹
^,竹
_,竹
`,竹
a,竹
b,竹
c,竹
d,竹
e,
f,竹
g,竹
筮,竹
h,竹
i,竹
筱,竹
筲,竹
j,竹
k,竹
筵,竹
l,竹
筷,竹
m,竹
筹,竹
n,竹
筻,竹
o,竹
p,竹
签,竹
q,竹
简,竹
r,竹
s,竹
t,竹
u,竹
箅,竹
v,竹
w,竹
x,竹
y,竹
z,竹
{,竹
|,竹
箍,竹
},竹
~,竹
箐,竹
,竹
,巾
,竹
箔,竹
箕,竹
,竹
算,竹
,竹
,竹
,竹
,竹
箜,竹
箝,竹
,竹
,竹
,竹
管,竹
箢,竹
,竹
,竹
,竹
箦,贝
箧,竹
箨,竹
箩,竹
箪,竹
箫,艹
箬,竹
箭,竹
,竹
,竹
,竹
箱,竹
,竹
,竹
箴,竹
,竹
,竹
,竹
箸,竹
,竹
,竹
,竹
,竹
,竹
,竹
,竹
,竹
篁,竹
,竹
,竹
,竹
@,竹
篆,竹
篇,竹
A,竹
B,竹
C,竹
D,竹
篌,竹
E,竹
F,竹
G,竹
H,竹
篑,竹
I,竹
篓,竹
J,竹
K,竹
L,竹
M,竹
N,竹
篙,竹
篚,竹
O,竹
P,竹
篝,竹
Q,竹
R,竹
S,竹
篡,竹
T,竹
U,竹
V,竹
篥,竹
篦,竹
W,竹
X,竹
Y,竹
篪,竹
Z,竹
[,竹
\,竹
篮,竹
],竹
^,竹
篱,竹
_,竹
`,竹
a,竹
b,竹
c,竹
篷,竹
d,彡
e,竹
f,竹
g,竹
篼,竹
h,竹
篾,竹
i,竹
j,
k,竹
l,竹
m,竹
n,竹
o,竹
p,竹
簇,竹
q,竹
r,竹
s,竹
簋,皿
簌,竹
t,竹
u,竹
簏,竹
v,竹
w,竹
x,竹
y,竹
z,竹
{,竹
簖,竹
|,竹
},竹
~,竹
,竹
,竹
,竹
,竹
,竹
簟,竹
,皿
,竹
,竹
,竹
,竹
,竹
簦,竹
簧,竹
,竹
,竹
簪,日
,竹
,竹
,竹
,日
,竹
,竹
,竹
,竹
,竹
,竹
,竹
,竹
,竹
簸,竹
,竹
,竹
,竹
,竹
,竹
,竹
簿,竹
籀,竹
籁,竹
,竹
@,竹
A,竹
B,竹
C,竹
D,竹
E,竹
F,竹
G,竹
H,竹
I,竹
籍,竹
J,竹
K,竹
L,竹
M,竹
N,竹
O,竹
P,竹
Q,竹
R,竹
S,竹
T,竹
U,竹
V,竹
W,竹
X,竹
Y,竹
Z,竹
[,竹
\,竹
],竹
^,竹
_,竹
`,竹
a,竹
b,竹
c,竹
d,竹
e,竹
f,竹
g,竹
h,竹
i,竹
j,竹
k,竹
l,竹
m,竹
n,竹
米,米
籴,米
o,米
p,米
q,米
r,米
s,米
t,米
类,米
籼,米
籽,米
u,米
v,米
w,米
x,米
y,米
z,米
{,米
|,米
},米
~,米
,米
粉,米
,米
,米
,米
,米
,米
,米
,米
粑,米
粒,米
,米
,米
粕,米
,米
粗,米
粘,米
,米
,米
,米
粜,米
粝,米
粞,米
粟,米
,米
,米
粢,米
,米
粤,米
粥,米
,米
,米
,米
,米
粪,米
,米
,米
,米
粮,米
,米
,米
粱,米
粲,米
粳,米
,米
,米
,米
,米
,米
粹,米
,米
,米
粼,米
粽,米
精,米
@,米
A,米
糁,米
B,米
C,米
D,米
糅,米
E,米
糇,米
糈,米
F,米
糊,米
G,米
糌,米
糍,米
H,米
I,米
J,米
K,米
L,米
M,米
N,米
糕,米
糖,米
糗,米
O,米
糙,米
P,米
Q,米
糜,米
R,米
S,米
糟,米
糠,米
T,米
U,米
V,米
W,米
X,米
Y,米
Z,米
糨,米
[,米
\,米
],米
^,米
_,米
`,米
糯,米
a,米
b,米
c,米
d,米
e,米
f,米
g,米
h,米
糸,糸
i,i
j,i
系,糸
k,i
l,i
m,i
n,i
o,i
p,i
q,i
r,i
s,i
t,i
u,i
v,i
w,i
x,i
紊,糸
y,i
z,i
{,i
|,i
},i
~,i
,i
,i
,i
,i
,i
,i
,i
,i
,i
,i
,i
,i
,i
,i
,i
素,糸
,i
索,糸
,i
,i
,糸
,i
紧,糸
,i
,i
,i
紫,糸
,i
,i
,糸
累,糸
,i
,i
,i
,i
,i
,i
,i
@,i
A,i
B,i
C,i
D,i
E,i
F,i
G,i
H,i
I,i
J,i
K,i
L,i
M,i
N,i
O,i
P,i
Q,i
R,i
S,i
T,i
U,i
V,i
W,i
X,i
Y,i
Z,i
[,i
\,i
],i
^,i
_,i
`,i
a,i
j,i
k,i
l,i
m,i
n,i
o,i
p,i
q,i
r,i
s,i
t,糸
u,i
v,糸
絮,糸
w,i
x,i
y,i
z,i
{,i
|,i
},i
~,i
絷,糸
,i
,i
,i
,i
,i
,i
,i
,i
,i
,i
,i
,i
,i
,i
,i
,i
,i
,i
,i
,i
,i
,i
,i
,i
,i
,i
,i
,i
,糸
,i
,i
,i
,i
@,i
A,i
B,i
C,i
D,i
E,i
F,i
G,i
H,i
I,i
J,i
K,糸
L,i
綦,糸
M,i
N,i
O,i
P,i
Q,i
R,i
S,i
綮,糸
T,i
U,i
V,i
W,i
X,i
Y,i
Z,i
[,i
\,i
],i
^,i
_,i
`,i
a,i
b,i
c,i
d,i
e,i
f,i
g,i
h,i
i,i
j,i
k,i
l,i
m,i
n,i
o,糸
p,i
q,i
r,i
s,i
t,i
u,糸
v,i
w,i
x,i
y,i
z,i
{,i
|,i
},i
~,i
,i
,i
,糸
,i
,i
,i
,i
,i
,i
,i
,i
,i
,i
,i
,i
,i
,i
,i
,i
,i
,i
,i
,i
,i
,i
,糸
,i
,i
,i
,i
,i
,i
,i
@,i
A,i
B,i
C,i
D,i
E,i
F,i
G,i
H,i
I,i
J,i
K,i
L,i
M,糸
N,i
O,i
P,i
Q,i
R,i
S,i
T,糸
U,i
V,i
W,i
X,i
Y,i
Z,i
[,i
\,i
],i
^,i
_,i
`,i
a,i
b,i
c,i
d,i
e,i
f,i
g,糸
h,糸
i,i
j,i
k,i
l,i
m,i
n,i
o,i
p,i
q,i
r,i
s,i
t,i
u,i
v,i
w,i
x,i
y,i
z,i
{,糸
|,i
},i
~,i
,i
縻,糸
,i
,i
,i
,i
,i
繁,糸
,i
,i
,糸
,i
,i
繇,糸
,i
,i
,i
,糸
,i
,i
,i
,i
,i
,i
,i
,i
,i
,i
,i
,i
,i
,i
,i
,糸
,i
,i
@,i
A,i
B,糸
C,i
D,i
E,i
F,糸
G,i
H,i
I,i
J,i
K,i
L,i
M,糸
N,i
O,i
P,i
Q,i
R,i
S,i
T,i
U,i
V,糸
W,i
X,i
Y,i
Z,i
[,i
\,i
],i
^,i
_,i
`,i
a,i
b,i
c,i
纂,糸
d,i
e,i
f,i
g,i
h,糸
i,i
j,i
k,i
l,i
m,i
n,糸
o,i
p,i
q,i
r,i
s,i
t,i
u,i
v,i
w,i
x,i
y,i
z,i
{,i
纛,糸
|,i
},i
~,i
纟,纟
纠,纟
纡,纟
红,纟
纣,纟
纤,纟
纥,纟
约,纟
级,纟
纨,纟
纩,纟
纪,纟
纫,纟
纬,纟
纭,纟
,纟
纯,纟
纰,纟
纱,纟
纲,纟
纳,纟
,纟
纵,纟
纶,纟
纷,纟
纸,纟
纹,纟
纺,纟
,纟
,纟
纽,纟
纾,纟
线,纟
绀,纟
绁,纟
绂,纟
练,纟
组,纟
绅,纟
细,纟
织,纟
终,纟
绉,纟
绊,纟
绋,纟
绌,纟
绍,纟
绎,纟
经,纟
绐,纟
绑,纟
绒,纟
结,纟
绔,纟
绕,纟
,纟
绗,纟
绘,纟
给,纟
绚,纟
绛,纟
络,纟
绝,纟
绞,纟
统,纟
绠,纟
绡,纟
绢,纟
绣,纟
,纟
绥,纟
绦,纟
继,纟
绨,纟
绩,纟
绪,纟
绫,纟
,纟
续,纟
绮,纟
绯,纟
绰,纟
绱,纟
绲,纟
绳,纟
维,纟
绵,纟
绶,纟
绷,纟
绸,纟
,纟
绺,纟
绻,纟
综,纟
绽,纟
绾,纟
绿,纟
缀,纟
缁,纟
缂,纟
缃,纟
缄,纟
缅,纟
缆,纟
缇,纟
缈,纟
缉,纟
,纟
缋,纟
缌,纟
缍,纟
缎,纟
缏,纟
,纟
缑,纟
缒,纟
缓,纟
缔,纟
缕,纟
编,纟
缗,纟
缘,纟
缙,纟
缚,纟
缛,纟
缜,纟
缝,纟
,纟
缟,纟
缠,纟
缡,纟
缢,纟
缣,纟
缤,纟
缥,纟
缦,纟
缧,纟
缨,纟
缩,纟
缪,纟
缫,纟
缬,纟
缭,纟
缮,纟
缯,纟
缰,纟
缱,纟
缲,纟
缳,纟
缴,纟
缵,纟
缶,缶
,缶
缸,缶
,缶
缺,缶
,缶
,缶
,缶
,缶
,缶
,缶
,缶
罂,缶
,缶
罄,缶
罅,缶
,缶
,缶
,缶
,缶
,缶
,缶
,缶
,缶
,缶
,缶
罐,缶
网,冂
,
,冂
罔,冂
罕,冖
@,
罗,
罘,
A,冖
罚,
B,
C,
D,
E,
罟,
F,
罡,
罢,
G,
H,
I,
J,
K,
罨,
罩,
罪,
L,
M,
N,
置,
O,
P,
罱,
署,
Q,
罴,
R,
S,
T,
U,
罹,
V,
W,
X,
Y,
罾,
Z,
[,冂
羁,
\,
],
^,
_,
`,
a,
b,
c,
羊,羊
d,难检字
羌,八
e,羊
美,八
f,羊
g,难检字
h,八
i,羊
j,羊
羔,灬
k,羊
l,羊
m,八
n,羊
o,羊
羚,羊
p,羊
q,羊
羝,羊
羞,八
羟,羊
r,羊
羡,八
s,羊
t,羊
群,羊
u,羊
v,羊
羧,羊
w,八
x,八
y,羊
z,羊
{,羊
|,羊
},羊
羯,羊
羰,羊
~,羊
羲,羊
,羊
,羊
,羊
,羊
,羊
羸,亠
羹,羊
,羊
,羊
羼,尸
羽,羽
,羽
羿,羽
,羽
翁,羽
,羽
,羽
,羽
翅,羽
,羽
,羽
,羽
,羽
翊,羽
,羽
翌,羽
,羽
翎,羽
,羽
,羽
,羽
,羽
,羽
翔,羽
翕,羽
,羽
,羽
翘,羽
,羽
,羽
,羽
,羽
,羽
,羽
翟,羽
翠,羽
翡,羽
,羽
,羽
@,羽
翥,羽
翦,羽
A,羽
B,羽
翩,羽
C,羽
D,羽
E,羽
F,羽
翮,羽
G,羽
翰,羽
翱,羽
H,羽
翳,羽
I,羽
J,羽
K,羽
L,羽
M,羽
N,羽
O,羽
翻,羽
翼,羽
P,羽
Q,羽
R,羽
耀,羽
老,S
S,S
考,S
耄,S
者,S
耆,S
T,S
U,S
V,S
W,S
耋,S
而,而
耍,而
X,而
Y,而
耐,而
Z,而
耒,耒
[,耒
耔,耒
耕,耒
耖,耒
耗,耒
耘,耒
耙,耒
\,耒
],耒
耜,耒
^,耒
_,耒
`,耒
耠,耒
a,耒
耢,耒
b,耒
c,耒
耥,耒
耦,耒
耧,耒
耨,耒
耩,耒
耪,耒
d,耒
e,耒
f,耒
耳,耳
耶,耳
耷,耳
耸,耳
l,耳
m,耳
耻,耳
n,耳
耽,耳
o,耳
耿,耳
p,耳
q,耳
聂,耳
聃,耳
r,耳
s,耳
聆,耳
t,耳
u,耳
v,耳
聊,耳
聋,耳
职,耳
聍,耳
w,耳
x,耳
y,耳
z,耳
聒,耳
{,耳
联,耳
|,耳
},耳
~,耳
聘,耳
,耳
聚,耳
,耳
,耳
,耳
,耳
,耳
,耳
,耳
,耳
,耳
,耳
,耳
,耳
,耳
,耳
聩,耳
聪,耳
,耳
,耳
,耳
,耳
,耳
,耳
聱,耳
,耳
,耳
,耳
,耳
,耳
,耳
,耳
,耳
,耳
,耳
,耳
,耳
@,耳
聿,聿
肀,肀
A,聿
B,聿
肃,聿
肄,聿
C,聿
肆,聿
肇,聿
D,聿
肉,肉
E,月
肋,月
肌,月
F,月
G,月
H,肉
I,月
J,月
K,月
肓,月
L,月
M,月
肖,月
N,月
肘,月
O,月
肚,月
肛,月
肜,月
肝,月
P,月
肟,月
肠,月
股,月
肢,月
Q,月
肤,月
肥,月
R,月
S,月
T,月
肩,月
肪,月
肫,月
U,月
肭,月
肮,月
肯,月
V,月
肱,月
育,月
W,月
肴,月
X,月
Y,月
肷,月
Z,月
[,月
肺,月
\,月
肼,月
肽,月
肾,月
肿,月
胀,月
胁,月
胂,月
胃,月
胄,月
],月
胆,月
^,月
_,月
`,月
a,月
b,月
背,月
胍,月
胎,月
c,月
d,月
e,月
f,月
g,月
h,肉
i,月
胖,月
胗,月
j,月
胙,月
胚,月
胛,月
胜,月
胝,月
胞,月
k,月
l,月
胡,月
m,月
n,月
胤,月
胥,月
o,月
胧,月
胨,月
胩,月
胪,月
胫,月
胬,肉
胭,月
p,月
胯,月
胰,月
胱,月
胲,月
胳,月
胴,月
q,月
胶,月
r,月
胸,月
s,月
胺,月
t,月
胼,月
能,月
u,肉
v,月
w,月
x,月
脂,月
y,月
z,月
{,月
脆,月
|,月
},月
脉,月
脊,月
~,月
,月
脍,月
脎,月
脏,月
脐,月
脑,月
脒,月
脓,月
脔,肉
,月
脖,月
,月
脘,月
,月
脚,月
,月
,月
,月
脞,月
,月
,月
,月
,月
,月
,月
,月
,月
,月
,月
,月
,月
,月
脬,月
,月
,月
脯,月
,月
脱,月
脲,月
,月
,月
,月
脶,月
,月
脸,月
,月
,月
,月
,月
,月
脾,月
,月
@,月
A,月
B,月
C,月
D,月
E,月
腆,月
F,月
腈,月
G,月
腊,月
腋,月
腌,月
H,月
I,月
J,月
腐,肉
腑,月
K,月
腓,月
腔,月
腕,月
L,月
M,月
N,月
腙,月
腚,月
O,月
P,月
Q,月
R,月
S,月
腠,月
T,月
U,月
V,月
W,月
腥,月
X,月
腧,月
Y,月
腩,月
Z,月
[,月
\,月
腭,月
腮,月
],月
腰,月
腱,月
^,月
_,月
腴,月
`,月
a,月
b,月
c,月
腹,月
腺,月
腻,月
腼,月
腽,月
腾,月
腿,月
膀,月
d,月
膂,月
e,月
f,月
g,月
h,月
i,月
膈,月
j,月
膊,月
k,月
l,月
m,月
n,月
膏,月
o,肉
膑,月
p,月
q,月
r,月
s,月
t,月
u,月
膘,月
v,月
w,月
膛,月
膜,月
膝,月
x,月
y,月
z,月
{,月
|,月
膣,月
},月
~,肉
膦,月
,月
膨,月
,月
膪,月
,月
,月
,月
,月
,月
,月
,月
,月
膳,月
,月
,月
,月
,月
,月
,月
膺,月
膻,月
,月
,月
,月
,月
臀,月
臁,月
臂,月
臃,月
,月
,月
臆,月
,月
,月
,月
臊,月
,肉
臌,月
,月
,月
,月
,月
,月
,月
,月
@,月
A,月
B,月
C,月
D,月
E,月
F,月
G,月
H,月
I,月
J,月
K,月
L,肉
M,肉
N,月
臣,臣
O,臣
P,臣
Q,臣
臧,臣
R,臣
S,臣
自,自
T,自
臬,自
臭,自
U,自
V,自
W,自
X,自
Y,自
至,至
致,至
Z,至
[,至
\,至
],至
^,至
_,至
臻,至
臼,臼
`,臼
臾,臼
a,臼
舀,臼
舁,臼
舂,臼
b,臼
舄,臼
舅,臼
舆,臼
c,臼
d,臼
e,臼
f,臼
g,臼
舌,舌
舍,舌
h,舌
i,舌
舐,舌
j,舌
舒,舌
k,舌
舔,舌
l,舌
m,舌
n,舌
o,舌
p,舌
q,舌
舛,夕
舜,夕
r,夕
舞,夕
舟,舟
s,舟
舡,舟
舢,舟
舣,舟
t,舟
u,舟
v,舟
w,舟
舨,舟
x,舟
航,舟
舫,舟
般,舟
舭,舟
y,舟
舯,舟
舰,舟
舱,舟
z,舟
舳,舟
舴,舟
舵,舟
舶,舟
舷,舟
舸,舟
船,舟
{,舟
舻,舟
|,舟
},舟
舾,舟
~,舟
,舟
,舟
,舟
,舟
艄,舟
,舟
,舟
艇,舟
,舟
艉,舟
,舟
艋,舟
,舟
,舟
,舟
艏,舟
,舟
,舟
,舟
,舟
,舟
,舟
,舟
,舟
艘,舟
,舟
艚,舟
,舟
,舟
,舟
,舟
艟,舟
,舟
,舟
,舟
,舟
,舟
,舟
,舟
,舟
艨,舟
,舟
@,舟
A,舟
B,舟
C,舟
艮,艮
良,艮
艰,艮
D,艮
色,色
艳,色
艴,色
E,色
F,色
G,色
H,H
艹,艹
艺,艹
I,艹
J,艹
艽,艹
艾,艹
艿,艹
K,艹
L,艹
节,艹
M,艹
芄,艹
N,艹
O,艹
P,艹
芈,j
Q,艹
芊,艹
芋,艹
R,艹
芍,艹
芎,艹
芏,艹
S,艹
芑,艹
芒,艹
T,艹
U,H
V,艹
W,艹
芗,艹
芘,艹
芙,艹
X,艹
Y,艹
芜,艹
芝,艹
Z,艹
芟,艹
[,艹
芡,艹
\,艹
],艹
芤,艹
芥,艹
芦,艹
^,艹
芨,艹
芩,艹
芪,艹
芫,艹
芬,艹
芭,艹
芮,艹
芯,艹
芰,艹
花,艹
_,艹
芳,艹
芴,艹
`,艹
a,艹
芷,艹
芸,艹
芹,艹
b,艹
c,H
d,艹
芽,艹
芾,艹
e,艹
f,艹
苁,艹
g,艹
h,艹
苄,艹
i,艹
j,艹
苇,艹
苈,艹
k,艹
苊,艹
苋,艹
苌,艹
苍,艹
苎,艹
苏,艹
l,艹
苑,艹
苒,艹
苓,艹
苔,艹
苕,艹
m,艹
苗,艹
苘,艹
n,艹
o,艹
苛,艹
苜,艹
p,艹
苞,艹
苟,艹
苠,艹
苡,艹
q,艹
苣,艹
苤,艹
若,艹
苦,艹
r,艹
s,艹
t,艹
u,艹
苫,艹
v,艹
w,艹
x,艹
苯,艹
y,艹
英,艹
z,艹
{,艹
苴,艹
|,艹
},艹
苷,艹
~,艹
苹,艹
,艹
苻,艹
,艹
,艹
,艹
,艹
,艹
茁,艹
茂,艹
范,艹
茄,艹
茅,艹
茆,艹
茇,艹
茈,艹
茉,艹
,艹
,艹
茌,艹
,艹
茎,艹
茏,艹
,艹
茑,艹
,艹
,艹
茔,艹
茕,艹
,艹
茗,艹
,艹
,艹
茚,艹
茛,艹
茜,艹
,艹
,艹
,艹
,艹
,艹
,艹
,艹
,艹
,艹
,艹
茧,艹
茨,艹
,艹
,艹
茫,艹
茬,艹
茭,艹
,艹
茯,艹
,艹
茱,艹
,艹
茳,艹
茴,艹
茵,艹
茶,艹
,艹
茸,艹
茹,艹
茺,艹
,H
茼,艹
,艹
@,艹
A,艹
荀,艹
B,艹
C,艹
荃,艹
D,艹
E,艹
荆,艹
荇,艹
F,艹
草,艹
G,艹
H,艹
I,艹
J,艹
K,艹
荏,艹
荐,艹
荑,艹
荒,艹
L,艹
荔,艹
M,艹
N,艹
O,艹
P,艹
Q,艹
荚,艹
荛,艹
荜,艹
R,艹
荞,艹
荟,艹
荠,艹
荡,艹
S,艹
荣,艹
荤,艹
荥,艹
荦,艹
荧,艹
荨,艹
荩,艹
荪,艹
荫,艹
荬,艹
荭,艹
荮,艹
药,艹
T,艹
U,艹
V,艹
W,艹
X,艹
Y,艹
Z,艹
荷,艹
荸,艹
[,艹
\,艹
荻,艹
荼,艹
荽,艹
],艹
^,艹
_,艹
`,艹
a,艹
b,艹
c,艹
莅,艹
莆,艹
d,艹
e,艹
莉,艹
f,艹
g,艹
h,艹
i,艹
莎,艹
j,艹
k,艹
l,艹
莒,艹
莓,艹
m,艹
n,艹
o,艹
p,艹
莘,艹
q,艹
r,艹
莛,艹
莜,艹
s,艹
莞,艹
t,艹
莠,艹
u,艹
v,艹
w,艹
x,艹
y,艹
z,艹
{,艹
莨,艹
莩,艹
莪,艹
莫,艹
|,艹
},艹
~,艹
,艹
莰,艹
莱,艹
莲,艹
莳,艹
莴,艹
,艹
莶,艹
获,艹
莸,艹
莹,艹
莺,艹
,艹
莼,艹
莽,艹
,艹
,艹
菀,艹
菁,艹
,艹
,艹
,艹
菅,艹
,艹
菇,艹
,艹
,艹
菊,艹
,艹
菌,艹
,艹
,艹
菏,艹
,艹
,艹
,艹
,艹
菔,艹
,艹
菖,艹
,艹
菘,艹
,艹
,艹
,艹
菜,艹
菝,艹
,艹
菟,艹
菠,艹
菡,艹
,艹
,艹
,艹
菥,艹
,艹
,艹
,艹
菩,艹
菪,艹
,艹
,艹
,艹
@,艹
A,艹
菰,艹
菱,艹
菲,艹
B,艹
C,艹
D,艹
E,艹
F,艹
菸,艹
菹,艹
G,艹
H,艹
I,艹
菽,艹
J,艹
K,艹
L,艹
萁,艹
M,艹
萃,艹
萄,艹
N,艹
萆,艹
O,艹
P,艹
Q,艹
R,艹
萋,艹
萌,艹
萍,艹
萎,艹
萏,艹
S,艹
萑,艹
T,艹
U,艹
V,艹
W,艹
X,艹
Y,艹
萘,艹
Z,艹
[,艹
\,艹
萜,艹
萝,艹
],艹
^,艹
_,艹
`,艹
a,艹
b,艹
萤,艹
营,艹
萦,艹
萧,艹
萨,艹
c,艹
d,艹
e,艹
f,艹
g,艹
h,艹
i,艹
j,艹
萱,艹
k,艹
l,艹
m,艹
n,艹
o,艹
p,艹
萸,艹
q,艹
r,艹
s,艹
萼,艹
落,艹
t,艹
u,艹
v,艹
w,艹
x,艹
y,艹
z,艹
{,艹
葆,艹
|,艹
},艹
~,艹
,艹
,艹
,艹
,艹
,艹
,艹
,艹
葑,艹
,艹
,艹
,艹
,艹
,艹
著,艹
,艹
葙,艹
葚,艹
葛,艹
葜,艹
,艹
,艹
,艹
,艹
葡,艹
,艹
董,艹
,艹
,艹
,艹
,艹
,艹
葩,艹
,艹
葫,艹
葬,艹
葭,艹
,艹
,艹
,艹
葱,艹
,艹
葳,艹
,艹
葵,艹
葶,艹
,艹
葸,艹
,艹
葺,艹
,艹
,艹
@,艹
A,艹
B,艹
C,艹
D,艹
蒂,艹
E,艹
F,艹
G,艹
H,艹
蒇,艹
蒈,艹
蒉,艹
I,艹
蒋,艹
蒌,艹
J,艹
蒎,艹
K,艹
L,艹
M,艹
N,艹
O,艹
P,艹
Q,艹
R,艹
蒗,艹
S,艹
蒙,艹
T,艹
U,艹
蒜,艹
V,艹
W,艹
X,艹
Y,艹
蒡,艹
Z,艹
[,艹
\,艹
],艹
^,艹
_,艹
`,艹
a,艹
b,艹
c,艹
d,艹
e,艹
f,艹
蒯,艹
g,艹
h,艹
蒲,艹
i,艹
蒴,艹
j,艹
k,艹
l,艹
蒸,艹
蒹,艹
蒺,艹
m,艹
n,艹
蒽,艹
o,艹
蒿,艹
p,艹
蓁,艹
q,艹
r,艹
蓄,艹
s,艹
t,艹
u,艹
v,艹
蓉,艹
蓊,艹
w,艹
x,艹
蓍,艹
y,艹
z,艹
蓐,艹
蓑,艹
{,艹
蓓,艹
|,艹
},艹
蓖,艹
~,艹
,艹
,艹
,艹
,艹
,艹
蓝,艹
,艹
蓟,艹
蓠,艹
,艹
,艹
蓣,艹
,艹
蓥,艹
蓦,艹
,艹
,艹
,艹
,艹
,艹
蓬,艹
,艹
,艹
,艹
蓰,艹
,艹
,艹
,艹
,艹
,艹
,艹
,艹
,艹
,艹
,艹
,艹
蓼,艹
,艹
,艹
蓿,艹
,艹
,艹
,艹
@,艹
A,艹
B,艹
C,艹
D,艹
E,艹
F,艹
G,艹
H,艹
蔌,艹
I,艹
J,艹
K,艹
L,艹
蔑,艹
M,艹
蔓,艹
N,艹
O,艹
P,艹
蔗,艹
Q,艹
R,艹
蔚,艹
S,艹
T,艹
U,艹
V,艹
蔟,艹
W,艹
蔡,艹
X,艹
Y,艹
Z,艹
[,艹
\,艹
],艹
^,艹
_,艹
`,艹
蔫,艹
蔬,艹
a,艹
b,艹
c,艹
d,艹
e,艹
f,艹
g,艹
h,艹
i,艹
j,艹
蔷,艹
蔸,艹
蔹,艹
蔺,艹
蔻,艹
蔼,艹
蔽,艹
k,艹
l,艹
m,艹
n,艹
o,艹
蕃,艹
p,艹
q,艹
r,艹
s,艹
蕈,艹
蕉,艹
蕊,艹
t,艹
u,艹
v,艹
w,艹
x,艹
y,艹
z,艹
{,艹
|,艹
},艹
~,艹
蕖,艹
,艹
,艹
蕙,艹
,艹
,艹
,艹
,艹
蕞,艹
,艹
,艹
,艹
,艹
,艹
蕤,艹
,艹
,艹
,艹
蕨,艹
,艹
,艹
,艹
,艹
,艹
,艹
,艹
,艹
,艹
蕲,艹
,艹
蕴,艹
,艹
,艹
,艹
,艹
蕹,艹
蕺,艹
蕻,艹
,艹
,艹
蕾,艹
,艹
,艹
,艹
@,艹
A,艹
薄,艹
薅,艹
B,艹
薇,艹
C,艹
D,艹
E,艹
F,艹
G,艹
H,艹
I,艹
薏,艹
J,艹
K,艹
L,艹
M,艹
N,艹
O,艹
P,艹
Q,艹
R,艹
S,艹
T,艹
薛,艹
薜,艹
U,艹
V,艹
W,艹
X,艹
Y,艹
Z,艹
[,艹
薤,艹
\,艹
],艹
^,艹
d,艹
e,艹
f,艹
g,艹
h,艹
薷,艹
i,艹
薹,艹
j,艹
k,艹
l,艹
m,艹
n,艹
o,艹
p,艹
藁,艹
q,艹
r,艹
s,艹
t,艹
u,艹
v,艹
w,艹
藉,艹
x,艹
y,艹
z,艹
{,艹
|,艹
藏,艹
藐,艹
},艹
~,艹
藓,艹
,艹
藕,艹
,艹
,艹
,艹
,艹
,艹
,艹
藜,艹
,艹
,艹
,艹
,艹
,艹
,艹
,艹
藤,艹
,艹
,艹
,艹
,艹
藩,艹
,艹
,艹
,艹
,艹
,艹
,艹
,艹
,艹
,艹
,艹
,艹
,艹
,艹
,艹
,艹
@,艹
A,艹
藻,艹
B,艹
C,艹
D,艹
藿,艹
E,艹
F,艹
G,艹
H,艹
I,艹
蘅,艹
J,艹
K,艹
L,艹
M,艹
N,艹
O,艹
P,艹
Q,艹
R,艹
S,艹
T,艹
蘑,艹
U,艹
V,艹
W,艹
X,艹
蘖,艹
Y,艹
Z,艹
[,艹
\,艹
],艹
^,艹
_,艹
`,艹
a,艹
b,艹
c,艹
d,艹
e,艹
f,艹
g,艹
h,艹
蘧,艹
i,艹
蘩,艹
j,艹
k,艹
l,艹
m,艹
n,艹
o,艹
p,艹
q,艹
r,艹
s,艹
t,艹
u,艹
v,艹
w,艹
蘸,艹
x,艹
y,艹
z,艹
蘼,艹
{,艹
|,艹
},艹
~,艹
,艹
,艹
,艹
,艹
,艹
,艹
,艹
,艹
,艹
,艹
,艹
,艹
虍,虍
虎,虍
虏,虍
虐,虍
虑,虍
,虍
,虍
虔,虍
,虍
,虍
,虍
,虍
,虍
虚,虍
,虍
,虍
,虍
虞,虍
,虍
,虍
,虍
虢,虍
,虍
,虍
,虍
,虍
,虍
,虍
,虍
,虍
虫,虫
虬,虫
@,虫
虮,虫
A,虫
B,虫
虱,虫
C,虫
D,虫
E,虫
F,虫
G,虫
H,虫
I,虫
虹,虫
虺,虫
虻,虫
虼,虫
虽,虫
虾,虫
虿,虫
蚀,虫
蚁,虫
蚂,虫
J,虫
K,虫
L,虫
M,虫
N,虫
O,虫
P,虫
蚊,虫
蚋,虫
蚌,虫
蚍,虫
Q,虫
R,虫
S,虫
T,虫
U,虫
蚓,虫
V,虫
蚕,虫
W,虫
X,虫
Y,虫
Z,虫
[,虫
\,虫
蚜,虫
蚝,虫
],虫
^,虫
_,虫
`,虫
a,虫
蚣,虫
蚤,虫
b,虫
c,虫
蚧,虫
蚨,虫
蚩,虫
蚪,虫
d,虫
蚬,虫
e,虫
f,虫
蚯,虫
蚰,虫
蚱,虫
g,虫
h,虫
蚴,虫
蚵,虫
蚶,虫
i,虫
j,虫
k,虫
蚺,虫
l,虫
m,虫
n,虫
o,虫
p,虫
蛀,虫
q,虫
r,虫
s,虫
蛄,虫
t,虫
蛆,虫
蛇,虫
u,虫
蛉,虫
蛊,虫
蛋,虫
v,虫
w,虫
蛎,虫
蛏,虫
蛐,虫
蛑,虫
x,虫
y,虫
蛔,虫
z,虫
{,虫
|,虫
蛘,虫
蛙,虫
},虫
蛛,虫
~,虫
,虫
蛞,虫
蛟,虫
,虫
,虫
,虫
,虫
蛤,虫
,虫
,虫
,虫
,虫
蛩,虫
,虫
,虫
,虫
蛭,虫
蛮,虫
,虫
蛰,虫
蛱,虫
蛲,虫
蛳,虫
蛴,虫
,虫
,虫
,虫
蛸,虫
蛹,虫
,虫
,虫
,虫
,虫
蛾,虫
,虫
蜀,虫
,虫
蜂,虫
蜃,虫
,虫
,虫
,虫
蜇,虫
蜈,虫
蜉,虫
蜊,虫
,虫
,虫
蜍,虫
,虫
,虫
,虫
,虫
蜒,虫
蜓,虫
,虫
蜕,虫
,虫
蜗,虫
蜘,虫
@,虫
蜚,虫
A,虫
蜜,虫
B,虫
蜞,虫
C,虫
D,虫
蜡,虫
蜢,虫
蜣,虫
E,虫
蜥,虫
F,虫
G,虫
H,虫
蜩,虫
I,虫
J,虫
K,虫
L,虫
蜮,虫
M,虫
N,虫
蜱,虫
O,虫
P,虫
蜴,虫
Q,虫
R,虫
蜷,虫
S,虫
T,虫
U,虫
蜻,虫
V,虫
W,虫
蜾,虫
蜿,虫
X,虫
Y,虫
Z,虫
[,虫
\,虫
],虫
^,虫
蝇,虫
蝈,虫
蝉,虫
_,虫
`,虫
蝌,虫
a,虫
蝎,虫
b,虫
c,虫
d,虫
e,虫
蝓,虫
f,虫
g,虫
h,虫
蝗,虫
i,虫
蝙,虫
j,虫
k,虫
l,虫
m,虫
n,虫
o,虫
蝠,虫
p,虫
q,虫
蝣,虫
蝤,虫
蝥,虫
r,虫
s,虫
t,虫
u,虫
v,虫
w,虫
x,虫
y,虫
蝮,虫
z,虫
蝰,虫
{,虫
|,虫
},虫
蝴,虫
~,虫
蝶,虫
,虫
,虫
,虫
,虫
蝻,虫
蝼,虫
蝽,虫
蝾,虫
,虫
,虫
,虫
螂,虫
螃,虫
,虫
螅,虫
,虫
,虫
螈,虫
,虫
,虫
螋,虫
,虫
融,虫
,虫
,虫
,虫
,虫
,虫
螓,虫
,虫
,虫
,虫
螗,虫
,虫
,虫
,虫
,虫
,虫
,虫
,虫
螟,虫
,虫
,虫
,虫
,虫
,虫
@,虫
A,虫
B,虫
螨,虫
C,虫
D,虫
螫,虫
螬,虫
螭,虫
E,虫
螯,虫
F,虫
G,虫
H,虫
螳,虫
I,虫
螵,虫
J,虫
K,虫
L,虫
M,虫
螺,虫
N,虫
O,虫
螽,虫
P,虫
Q,虫
蟀,虫
R,虫
S,虫
T,虫
U,虫
V,虫
蟆,虫
W,虫
X,虫
Y,虫
蟊,虫
蟋,虫
Z,虫
[,虫
\,虫
],虫
^,虫
蟑,虫
蟒,虫
蟓,虫
_,虫
`,虫
a,虫
b,虫
c,虫
d,虫
e,虫
蟛,虫
f,虫
g,虫
h,虫
i,虫
蟠,虫
j,虫
k,虫
l,虫
m,虫
蟥,虫
n,虫
o,虫
p,虫
q,虫
蟪,虫
r,虫
s,虫
t,虫
蟮,虫
u,虫
v,虫
w,虫
x,虫
y,虫
z,虫
{,虫
|,虫
},虫
~,虫
蟹,虫
,虫
,虫
,虫
,虫
蟾,虫
,虫
,虫
,虫
,虫
蠃,虫
,虫
,虫
,虫
,虫
,虫
,虫
蠊,虫
,虫
,虫
,虫
,虫
,虫
,虫
,虫
,虫
蠓,虫
,虫
蠕,虫
蠖,虫
,虫
,虫
,虫
,虫
蠛,虫
,虫
,虫
,虫
,虫
,虫
蠡,虫
蠢,虫
,虫
@,虫
A,虫
B,虫
C,虫
D,虫
E,虫
F,虫
G,虫
H,虫
I,虫
J,虫
K,虫
L,虫
M,虫
蠲,虫
N,虫
O,虫
P,虫
Q,虫
R,虫
S,虫
蠹,虫
T,虫
U,虫
蠼,虫
V,虫
W,虫
X,虫
血,血
Y,血
Z,血
[,血
衄,血
衅,血
\,血
],血
^,血
_,血
`,血
a,血
行,行
衍,行
b,行
c,行
d,行
e,行
f,行
g,行
衔,行
h,行
i,行
街,行
j,行
衙,彳
k,行
l,行
m,行
n,行
o,行
p,行
q,行
衡,彳
衢,行
衣,衣
衤,衤
补,衤
r,衤
s,衤
表,一
衩,衤
t,衤
衫,衤
衬,衤
u,衤
衮,衣
v,衤
衰,亠
w,衤
衲,衤
x,衤
y,衤
z,衤
{,衤
衷,亠
|,衤
},衤
~,衣
,衤
,衤
衽,衤
衾,衣
衿,衤
,衤
袁,土
袂,衤
,衣
袄,衤
袅,衣
,衤
,衤
袈,衣
,衤
,衤
袋,衣
,衣
袍,衤
,衤
,衤
,衤
,衤
袒,衤
,衤
,衤
,衤
袖,衤
,衤
,衤
,衤
,衤
,衤
袜,衤
,衤
,衣
,衤
,衣
,衤
袢,衤
,衤
袤,衣
,衤
,衤
,衤
,衤
,衤
,衤
被,衤
@,衣
袭,龙
A,衤
B,衤
C,衣
袱,衤
D,衣
E,衤
F,衤
G,衤
H,衤
袷,衤
I,衤
J,衤
K,衤
L,衤
袼,衤
M,衤
N,衤
O,衤
P,衤
裁,衣
裂,衣
Q,衤
R,衤
装,衣
裆,衤
S,衤
T,衤
裉,衤
U,衣
V,衤
W,衤
X,衤
裎,衤
Y,衣
Z,衤
[,衤
裒,衣
\,衤
裔,衣
裕,衤
],衤
^,衤
裘,衣
裙,衤
_,衣
`,衣
a,衤
b,衣
c,衤
裟,衣
d,衣
e,衤
裢,衤
裣,衤
裤,衤
裥,衤
f,衣
g,衤
裨,衤
h,衤
i,衤
j,衤
k,衤
l,衤
m,衤
n,衤
裰,衤
裱,衤
o,衤
裳,衣
裴,衣
p,衣
q,衤
r,衤
裸,衤
裹,衣
s,衤
t,衣
裼,衤
u,衣
裾,衤
v,衤
w,衤
x,衣
褂,衤
y,衤
z,衤
{,衤
|,衤
},衤
~,衤
,衤
褊,衤
,衤
,衤
,衤
,衣
,衣
褐,衤
,衤
褒,衣
褓,衤
,衤
,衤
,衤
,衤
,衤
褙,衤
褚,衤
褛,衤
,衣
,衤
,衤
,衤
,衤
褡,衤
,衣
,衤
,衤
褥,衤
,衤
,衤
,衤
褶,衤
,衤
@,衤
A,衤
B,衣
C,衣
D,衤
E,衣
F,衤
G,衤
H,衤
襁,衤
I,衤
J,衣
襄,衣
K,衤
L,衤
M,衤
N,衤
O,衤
P,衤
Q,衤
R,衤
S,衤
T,衤
U,衤
V,衤
W,衤
X,衤
Y,衤
Z,衤
[,衤
\,衤
],衤
^,衤
_,衤
`,衤
a,衤
b,衤
c,衤
襞,衣
襟,衤
d,衤
e,衤
f,衤
g,衤
h,衤
i,衤
襦,衤
j,衤
k,衤
l,衤
m,衤
n,衤
o,衤
p,衤
q,衤
r,衤
s,衤
t,衤
u,衣
v,衤
w,衤
x,衤
y,衤
z,衤
{,衤
|,衤
},衤
襻,衤
~,衤
,衤
,一
西,
,
要,
,
覃,
,
,
覆,
,
,
,
,
,
,
,
,
,
,
,
,
,
,
,
,
,
,
,
,
,
,
,
,
,
,
,
@,
A,
B,
C,
D,
E,
F,
G,
H,
I,
J,
K,
L,
M,
N,
O,
P,
Q,
R,
S,
T,
U,
V,
W,
X,
Y,
Z,
[,
\,
],
^,
见,见
观,见
_,见
规,见
觅,见
视,见
觇,见
览,见
觉,见
觊,见
觋,见
觌,见
`,见
觎,见
觏,见
觐,见
觑,见
角,角
a,角
b,角
c,角
觖,角
d,角
e,角
f,角
觚,角
g,角
觜,角
h,角
觞,角
i,角
j,角
k,角
l,角
解,角
m,角
觥,角
触,角
n,角
o,角
p,角
q,角
觫,角
r,角
s,角
t,角
觯,角
u,角
v,角
w,角
觳,角
x,角
y,角
z,角
{,角
|,角
},角
~,角
,角
,角
,角
,角
,角
言,言
,言
,言
,言
,言
,言
,言
訇,言
,言
,言
,言
,言
,言
,言
,言
,言
,言
,言
,言
,言
,言
,言
,言
,言
,言
,言
,言
,言
,言
,言
@,言
A,言
B,言
C,言
D,言
E,言
F,言
G,言
H,言
I,言
J,言
K,言
L,言
M,言
N,言
O,言
P,言
Q,言
R,言
S,言
T,言
U,言
V,言
W,言
X,言
Y,言
Z,言
[,言
\,言
],言
^,言
_,言
訾,言
`,言
a,言
b,言
c,言
d,言
e,言
f,言
g,言
h,言
詈,言
i,言
j,言
k,言
l,言
m,言
n,言
o,言
p,言
q,言
r,言
s,言
t,言
u,言
v,言
w,言
x,言
y,言
z,言
{,言
|,言
},言
~,言
,言
,言
,言
,言
,言
,言
,言
,言
,言
,言
,言
,言
,言
,言
,言
,言
,言
,言
,言
,言
,言
,言
,言
,言
,言
,言
詹,言
,言
,言
,言
,言
,言
,言
,言
@,言
A,言
B,言
C,言
D,言
E,言
F,言
G,言
誉,言
誊,言
H,言
I,言
J,言
K,言
L,言
M,言
N,言
O,言
誓,言
P,言
Q,言
R,言
S,言
T,言
U,言
V,言
W,言
X,言
Y,言
Z,言
[,言
\,言
],言
^,言
_,言
`,言
a,言
b,言
c,言
d,言
e,言
f,言
g,言
h,言
i,言
j,言
k,言
l,言
m,言
n,言
o,言
p,言
q,言
r,言
s,言
t,言
u,言
v,言
w,言
x,言
y,言
z,言
{,言
|,言
},言
~,言
,言
,言
,言
,言
,言
,言
,言
,言
,言
,言
,言
,言
,言
,言
,言
,言
,言
,言
,言
,言
,言
,言
,言
,言
,言
,言
,言
,言
,言
,言
,言
,言
,言
@,言
A,言
B,言
C,言
D,言
E,言
F,言
G,言
H,言
I,言
J,言
K,言
L,言
M,言
N,言
O,言
P,言
Q,言
R,言
S,言
T,言
U,言
V,言
W,言
X,言
Y,言
Z,言
[,言
\,言
],言
^,言
_,言
`,言
a,言
b,言
謇,言
c,言
d,言
e,言
f,言
g,言
h,言
i,言
j,言
k,言
l,言
m,言
n,言
o,言
p,言
q,言
r,言
s,言
t,言
u,言
v,言
w,言
x,言
y,言
z,言
{,言
|,言
},言
~,言
,言
,言
謦,言
,言
,言
,言
,言
,言
,言
,言
,言
,言
,言
,言
,言
,言
,言
,言
,言
,言
,言
,言
,言
,言
,言
,言
,言
,言
,言
,言
,言
,言
,言
,言
@,言
A,言
B,言
C,言
D,言
E,言
F,言
G,言
H,言
I,言
J,言
K,言
L,言
M,言
N,言
O,言
P,言
Q,言
R,言
S,言
T,言
U,言
V,言
W,言
X,言
Y,言
Z,言
[,言
\,言
],言
^,言
_,言
警,言
`,言
a,言
b,言
c,言
d,言
譬,言
e,言
f,言
g,言
h,言
i,言
j,言
k,言
l,言
m,言
n,言
o,言
p,言
q,言
r,言
s,言
t,言
u,言
v,言
w,言
x,言
y,言
z,言
{,言
|,言
},言
~,言
,言
,言
,言
,言
,言
,言
,言
,言
,言
,言
,言
,言
,言
,言
,言
,言
,言
,言
,言
,言
,言
,言
,言
,言
,言
讠,讠
计,讠
订,讠
讣,讠
认,讠
讥,讠
讦,讠
讧,讠
讨,讠
让,讠
讪,讠
讫,讠
,讠
训,讠
议,讠
讯,讠
记,讠
,讠
讲,讠
讳,讠
讴,讠
讵,讠
讶,讠
讷,讠
许,讠
讹,讠
论,讠
,讠
讼,讠
讽,讠
设,讠
访,讠
诀,讠
证,讠
诂,讠
诃,讠
评,讠
诅,讠
识,讠
,讠
诈,讠
诉,讠
诊,讠
诋,讠
诌,讠
词,讠
诎,讠
诏,讠
,讠
译,讠
诒,讠
诓,讠
诔,讠
试,讠
诖,讠
诗,讠
诘,讠
诙,讠
诚,讠
诛,讠
诜,讠
话,讠
诞,讠
诟,讠
诠,讠
诡,讠
询,讠
诣,讠
诤,讠
该,讠
详,讠
诧,讠
诨,讠
诩,讠
,讠
诫,讠
诬,讠
语,讠
诮,讠
误,讠
诰,讠
诱,讠
诲,讠
诳,讠
说,讠
诵,讠
诶,讠
请,讠
诸,讠
诹,讠
诺,讠
读,讠
诼,讠
诽,讠
课,讠
诿,讠
谀,讠
谁,讠
谂,讠
调,讠
谄,讠
谅,讠
谆,讠
谇,讠
谈,讠
,讠
谊,讠
谋,讠
谌,讠
谍,讠
谎,讠
谏,讠
谐,讠
谑,讠
谒,讠
谓,讠
谔,讠
谕,讠
谖,讠
谗,讠
谘,讠
谙,讠
谚,讠
谛,讠
谜,讠
谝,讠
,讠
谟,讠
谠,讠
谡,讠
谢,讠
谣,讠
谤,讠
谥,讠
谦,讠
谧,讠
谨,讠
谩,讠
谪,讠
谫,讠
谬,讠
谭,讠
谮,讠
谯,讠
谰,讠
谱,讠
谲,讠
谳,讠
谴,讠
谵,讠
谶,讠
谷,谷
@,谷
A,谷
B,谷
C,谷
D,谷
E,谷
F,谷
G,谷
H,谷
豁,谷
I,谷
J,谷
K,谷
L,谷
豆,豆
豇,豆
M,豆
豉,豆
N,豆
O,豆
豌,豆
P,豆
Q,豆
R,豆
S,豆
T,豆
U,豆
V,豆
W,豆
豕,豕
X,豕
Y,豕
Z,豕
[,豕
豚,豕
\,豕
],豕
^,豕
_,豕
`,豕
a,豕
象,豕
豢,豕
b,豕
c,豕
d,豕
e,豕
f,豕
g,豕
h,豕
豪,豕
豫,豕
i,豕
j,豕
k,豕
l,豕
m,豕
n,豕
o,豕
豳,豕
p,豕
q,豕
r,豕
s,豕
豸,豸
豹,豸
豺,豸
t,豸
u,豸
v,豸
w,豸
x,豸
y,豸
z,豸
貂,豸
{,豸
|,豸
貅,豸
},豸
~,豸
,豸
貉,豸
貊,豸
,豸
貌,豸
,豸
,豸
,豸
,豸
,豸
,豸
,豸
貔,豸
,豸
,豸
,豸
貘,豸
,豸
,豸
,豸
,豸
,
,
,
,
,
,
,
,
,
,
,
,
,
,
,
,
,
@,
A,
B,
C,
D,
E,
F,
G,
H,
I,
J,
K,
L,
M,
N,
O,
P,
Q,
R,
S,
T,
U,
V,
W,
X,
Y,
Z,
[,
\,
],
^,
_,
`,
a,
b,
c,
d,
e,
f,
g,
h,
i,
j,
k,
l,
m,
n,
o,
p,
q,
r,
s,
t,
u,
v,
w,
x,
y,
z,
{,
|,
},
~,
,
,
,
,
,
,
,
,
,
,
,
,
,
,
,
,
,
,
,
,
,
,
,
,
,
,
,
,
,
,
,
,
,
@,
A,
B,
C,
D,
E,
F,
G,
H,
I,
J,
贝,贝
质,贝
贩,贝
贪,贝
贫,贝
贬,贝
购,贝
贮,贝
贯,贝
贰,贝
贱,贝
贲,贝
贳,贝
贴,贝
贵,贝
贶,贝
贷,贝
贸,贝
费,贝
贺,贝
贻,贝
贼,贝
贽,贝
贾,贝
贿,贝
赀,贝
赁,贝
赂,贝
赃,贝
资,贝
赅,贝
赆,贝
赇,贝
赈,贝
赉,贝
赊,贝
赋,贝
赌,贝
赍,贝
赎,贝
赏,贝
赐,贝
P,贝
Q,贝
赓,贝
赔,贝
赕,贝
赖,贝
R,贝
赘,贝
赙,贝
赚,贝
赛,贝
赜,贝
赝,贝
赞,贝
S,贝
赠,贝
赡,贝
赢,贝
赣,贝
赤,赤
T,赤
赦,赤
赧,赤
U,赤
V,赤
W,赤
赫,赤
X,赤
赭,赤
Y,赤
Z,赤
走,走
[,土
\,走
赳,走
赴,走
赵,走
赶,走
起,走
],走
^,走
_,走
`,走
a,走
b,走
c,走
d,走
e,走
趁,走
f,走
g,走
趄,走
超,走
h,走
i,走
j,走
k,走
越,走
趋,走
l,走
m,走
n,走
o,走
p,走
趑,走
q,走
r,走
趔,走
s,走
t,走
u,走
v,走
w,走
x,走
y,走
z,走
{,走
|,走
趟,走
},走
~,走
,走
趣,走
,走
,走
,走
,走
,走
,走
,走
,走
,走
,走
,走
,走
,走
趱,走
,走
足,足
趴,足
趵,足
,足
,足
趸,足
,足
趺,足
,足
趼,足
,足
趾,足
趿,足
,足
,足
,足
跃,足
跄,足
,足
跆,足
,足
,足
,足
,足
跋,足
跌,足
,足
跎,足
跏,足
,足
跑,足
,足
,足
,足
@,足
跖,足
跗,足
A,足
B,足
跚,足
跛,足
C,足
距,足
跞,足
跟,足
D,足
E,足
F,足
跣,足
跤,足
G,足
H,足
I,足
跨,足
J,足
跪,足
跫,足
跬,足
K,足
L,足
路,足
M,足
N,足
O,足
跳,足
P,足
践,足
Q,足
跷,足
跸,足
跹,足
跺,足
跻,足
R,足
跽,足
S,足
T,足
U,足
V,足
W,足
X,足
Y,足
踅,足
Z,足
[,足
\,足
踉,足
踊,足
],足
踌,足
^,足
_,足
踏,足
`,足
a,足
b,足
c,足
踔,足
d,足
e,足
f,足
g,足
h,足
i,足
j,足
k,足
踝,足
踞,足
踟,足
l,足
m,足
踢,足
踣,足
n,足
o,足
p,足
q,足
r,足
踩,足
踪,足
s,足
踬,足
t,足
踮,足
踯,足
u,足
踱,足
v,足
w,足
x,足
踵,足
y,足
z,足
{,足
踹,足
踺,足
|,足
},足
踽,足
~,足
,足
蹀,足
蹁,足
蹂,足
,足
蹄,足
,足
,足
蹇,足
蹈,足
蹉,足
蹊,足
蹋,足
,足
,足
,足
,足
,足
蹑,足
蹒,足
,足
,足
,足
,足
,足
,足
蹙,足
,足
,足
,足
,足
,足
,足
,足
,足
,足
,足
,足
,足
蹦,足
,足
,足
蹩,足
,足
,足
蹬,足
蹭,足
,足
蹯,足
蹰,足
,足
蹲,足
@,足
蹴,足
A,足
蹶,足
B,足
C,足
D,足
E,足
F,足
蹼,足
G,足
H,足
蹿,足
I,足
躁,足
J,足
K,足
L,足
躅,足
M,足
躇,足
N,足
O,足
P,足
Q,足
R,足
S,足
T,足
躏,足
躐,足
U,足
V,足
W,足
躔,足
X,足
Y,足
Z,足
[,足
\,足
],足
^,足
躜,足
_,足
躞,足
`,足
a,足
b,足
c,足
d,足
e,足
f,足
g,足
h,足
i,足
j,足
k,足
身,身
躬,身
l,身
m,身
躯,身
n,身
o,身
躲,身
p,身
q,身
r,身
s,身
t,身
u,身
v,身
躺,身
w,身
x,身
y,身
z,身
{,身
|,身
},身
~,身
,身
,身
,身
,身
,身
,身
,身
,
,
,
,
軎,
,
,
,
,
,
,
,
,
,
,
,
,
,
,
,
,
,
,
,
,
,
,
@,
A,
B,
C,
D,
E,
F,
G,
H,
I,
J,
K,
L,
M,
N,
O,
P,
Q,
R,
S,
T,
U,
V,
W,
X,
Y,
Z,
[,
\,
],
^,
_,
`,
a,
b,
c,
d,
e,
f,
g,
h,
i,
j,
k,
l,
m,
n,
o,
p,
q,
r,
s,
t,
u,
v,
w,
x,
y,
z,
{,
|,
},
~,
,
,
,
,
,
,
,
,
,
,
,
,
,
,
,
,
,
,
,
,
,
,
,
,
,
,
,
,
,
,
,
,
,
@,
A,
B,
C,
D,
E,
F,
G,
H,
I,
J,
K,
L,
M,
N,
O,
P,
Q,
R,
S,
T,
U,
V,
W,
X,
Y,
Z,
[,
\,
],
^,
_,
`,
车,车
轧,车
轨,车
轩,车
a,车
轫,车
转,车
轭,车
轮,车
软,车
轰,车
轱,车
轲,车
轳,车
轴,车
轵,车
轶,车
轷,车
轸,车
轹,车
轺,车
轻,车
轼,车
载,车
轾,车
轿,车
b,车
辁,车
辂,车
较,车
辄,车
辅,车
辆,车
辇,车
辈,车
辉,车
辊,车
辋,车
c,车
辍,车
辎,车
辏,车
辐,车
辑,车
d,车
输,车
辔,车
辕,车
辖,车
辗,车
辘,车
辙,车
辚,车
辛,辛
辜,辛
m,辛
辫,辛
n,辛
o,辛
p,辛
q,辛
辰,辰
辱,辰
r,辰
s,辰
t,辰
u,u
辶,辶
v,辶
w,辶
边,辶
x,辶
y,辶
z,辶
辽,辶
达,辶
{,辶
|,辶
迁,辶
迂,辶
},辶
迄,辶
迅,辶
~,辶
过,辶
迈,辶
,辶
,辶
,辶
,辶
,辶
迎,辶
,辶
运,辶
近,辶
,辶
迓,辶
返,辶
迕,辶
,辶
,辶
还,辶
这,辶
,辶
进,辶
远,辶
违,辶
连,辶
迟,辶
,辶
,辶
迢,辶
,辶
迤,辶
迥,辶
迦,辶
,辶
迨,辶
迩,辶
迪,辶
迫,辶
,辶
迭,辶
迮,辶
,辶
述,辶
,辶
,辶
迳,辶
,辶
,辶
,辶
迷,辶
迸,辶
迹,辶
,辶
,辶
,辶
追,辶
,辶
,辶
退,辶
送,辶
适,辶
逃,辶
逄,辶
逅,辶
逆,辶
,辶
,辶
选,辶
逊,辶
逋,辶
,辶
逍,辶
,辶
透,辶
逐,辶
逑,辶
递,辶
,辶
途,辶
,辶
逖,辶
逗,辶
,辶
@,辶
通,辶
逛,辶
A,辶
逝,辶
逞,辶
速,辶
造,辶
逡,辶
逢,辶
B,辶
C,辶
D,辶
逦,辶
E,辶
F,辶
G,辶
H,辶
I,辶
J,辶
逭,辶
逮,辶
逯,辶
K,辶
L,辶
M,辶
N,辶
O,辶
逵,辶
逶,辶
P,辶
逸,辶
Q,辶
R,辶
逻,辶
逼,辶
S,辶
逾,辶
T,辶
U,辶
遁,辶
遂,辶
V,辶
遄,辶
W,辶
X,辶
遇,辶
Y,辶
Z,辶
[,辶
\,辶
],辶
遍,辶
^,辶
遏,辶
遐,辶
遑,辶
遒,辶
道,辶
_,辶
`,辶
a,辶
遗,辶
遘,辶
b,辶
c,辶
遛,辶
d,辶
e,辶
f,辶
g,辶
h,辶
i,辶
遢,辶
遣,辶
j,辶
遥,辶
k,辶
l,辶
遨,辶
m,辶
n,辶
o,辶
p,辶
遭,辶
遮,辶
q,辶
r,辶
s,辶
t,辶
u,辶
遴,辶
遵,辶
v,辶
w,辶
x,辶
y,辶
z,辶
{,辶
|,辶
遽,辶
},辶
避,辶
邀,辶
~,辶
邂,辶
邃,辶
,辶
,辶
,辶
,辶
邈,辶
,辶
,辶
邋,辶
,辶
,辶
,辶
,辶
,辶
邑,邑
,阝
邓,阝
,阝
邕,邑
,阝
邗,阝
,阝
邙,阝
,阝
邛,阝
,阝
邝,阝
,阝
,阝
,阝
邡,阝
邢,阝
那,阝
,阝
,阝
邦,阝
,阝
,阝
,阝
邪,阝
,邑
邬,阝
,阝
邮,阝
邯,阝
邰,阝
邱,阝
,阝
邳,阝
邴,阝
邵,阝
邶,阝
,阝
邸,阝
邹,阝
邺,阝
邻,阝
,阝
,阝
邾,阝
,阝
,阝
郁,阝
@,阝
A,阝
郄,阝
郅,阝
B,阝
郇,阝
C,阝
D,阝
郊,阝
E,阝
F,邑
G,阝
郎,阝
郏,阝
郐,阝
郑,阝
H,邑
郓,阝
I,阝
J,阝
K,阝
郗,阝
L,阝
M,阝
N,阝
郛,阝
郜,阝
郝,阝
O,阝
P,阝
Q,阝
郡,阝
郢,阝
R,阝
S,阝
T,阝
郦,阝
郧,阝
部,阝
U,阝
V,阝
郫,阝
W,阝
郭,阝
X,阝
郯,阝
Y,阝
Z,阝
[,阝
\,阝
郴,阝
],阝
^,邑
_,阝
郸,阝
`,阝
a,邑
b,阝
c,阝
都,阝
郾,阝
d,阝
e,阝
f,阝
鄂,阝
g,阝
鄄,阝
h,阝
i,阝
j,阝
k,阝
l,阝
m,阝
n,阝
o,阝
p,阝
q,阝
r,阝
s,阝
t,阝
u,阝
v,阝
w,阝
x,阝
y,阝
z,阝
{,阝
鄙,阝
|,阝
},阝
~,阝
,阝
鄞,阝
,阝
,阝
,阝
鄢,阝
鄣,阝
,阝
,阝
,阝
,阝
,邑
,阝
,阝
,阝
,阝
,阝
,阝
鄯,阝
,阝
鄱,阝
,阝
,阝
,阝
,阝
,阝
,阝
,阝
鄹,阝
,阝
,阝
,阝
,阝
,阝
,阝
,阝
,阝
,阝
酃,阝
,阝
@,阝
酆,阝
A,阝
B,阝
酉,酉
酊,酉
酋,酉
酌,酉
配,酉
酎,酉
酏,酉
酐,酉
C,酉
酒,酉
D,酉
E,酉
F,酉
G,酉
酗,酉
H,酉
I,酉
酚,酉
J,酉
K,酉
酝,酉
酞,酉
L,酉
M,酉
酡,酉
酢,酉
酣,酉
酤,酉
酥,酉
N,酉
O,酉
P,酉
酩,酉
酪,酉
Q,酉
酬,酉
R,酉
酮,酉
酯,酉
酰,酉
酱,酉
酲,酉
S,酉
酴,酉
酵,酉
酶,酉
酷,酉
酸,酉
酹,酉
T,酉
U,酉
V,酉
酽,酉
酾,酉
酿,酉
W,酉
X,酉
Y,酉
Z,酉
[,酉
醅,酉
\,酉
醇,酉
],酉
醉,酉
^,酉
醋,酉
醌,酉
醍,酉
_,酉
`,酉
醐,酉
醑,酉
醒,酉
a,酉
b,酉
c,酉
d,酉
e,酉
f,酉
g,酉
醚,酉
醛,酉
h,酉
i,酉
j,酉
k,酉
l,酉
m,酉
醢,酉
醣,酉
n,酉
o,酉
p,酉
q,酉
r,酉
s,酉
醪,酉
t,酉
u,酉
醭,酉
醮,酉
醯,酉
v,酉
w,酉
x,酉
y,酉
醴,酉
醵,酉
z,酉
{,酉
|,酉
},酉
醺,酉
~,酉
,酉
,酉
,酉
,酉
,酉
,酉
,酉
,酉
,酉
,酉
,采
采,采
,采
釉,采
释,采
,采
里,里
重,里
野,里
量,里
,里
金,金
,
,
,
,
,
,
,
,
,
,
釜,金
,
,
,
,
,
,
,
,
,
@,
A,
B,
C,
D,
E,
F,
G,
H,
I,
J,
K,
L,
M,
N,
O,
P,
Q,
R,
S,
T,
U,
V,
W,
X,
Y,
Z,
[,
\,
],
^,
_,
`,
a,
b,
c,
d,
e,
f,
g,
h,
i,
j,
k,
l,
m,
n,
o,
p,
q,
r,
s,
t,
u,
v,
w,
x,
y,
z,
{,
|,
},
~,
,
,
,
,
,
,
,
,
,金
,
,
,
,
,
,
,
,
,
,
,
,
,
,
,
,
,
,
,
,
,
,
,
,
@,
A,
B,
C,
D,
E,
F,
G,
H,
I,
J,
K,
L,
M,
N,
O,
P,
Q,
R,
S,
T,
U,
V,
W,
X,
Y,
Z,
[,
\,
],
^,
_,
`,
a,
b,
c,
d,
e,
f,
g,
h,
i,
j,
k,
l,
m,
鉴,金
n,
o,
p,
q,
r,
s,
t,
u,
v,
w,
x,
y,
z,
{,
|,
},
~,
,
,
,
,
,
,
,
,
銎,金
,
,金
,
,
,
,
,
,
,
,
,
,
,
,
,
,金
,
,
,
,
,
,
,
,
,
@,
A,
B,
C,
D,
E,
銮,金
F,
G,
H,
I,
J,
K,金
L,
M,
N,
O,
P,
Q,金
R,
S,
T,
U,
V,
W,
X,
Y,
Z,
[,
\,
],金
^,
鋈,金
_,
`,
a,
b,
c,
d,
e,
f,
g,
h,
i,
j,
k,
l,
m,
n,
o,
p,金
q,
r,
s,
t,
u,
v,
w,
x,
y,
z,
{,
|,
},
~,
,
,
,金
,金
,
,
,
,
,
,
,
,
,
,
,
,
,
,
,
@,
A,
B,
C,
D,
E,
F,
G,
H,
I,
J,
K,
L,金
M,
N,
O,
P,
Q,
R,
S,
T,
U,
V,
W,
X,
Y,
Z,
[,
\,
],
^,
_,
`,
a,
b,
c,
d,
e,
f,
g,金
h,
i,
j,
k,
l,
m,
n,
o,
p,
q,
r,
s,
錾,金
t,
u,
v,
w,
x,
y,
z,
{,
|,
},
~,
,
,
,金
,
,
,
,
,
,
,
,
,
,
,
,
,金
,
,
,
,
,
,
,
,
,
,
,
,
,
,
,
,
鍪,金
,金
@,
A,
B,
C,
D,
E,
F,
G,金
H,
I,
J,
K,
L,
M,
N,
O,
P,
Q,
R,
S,
T,
U,
V,
W,
X,
Y,
Z,
[,
\,
],
^,
_,
`,
a,
b,
鎏,金
c,
d,
e,
f,
g,
h,
i,
j,
k,
l,
m,
n,
o,金
p,
q,
r,
s,
t,
u,
v,金
w,
x,金
y,
z,
{,
|,
},
~,
,
,
,
,
,
,
,
,
,
,
,
,
,
,
,
,
,
,
,
,
,
,
,
,
,
,
,
,
,
,
鏊,金
,
,
,
@,
A,
B,
C,
D,
E,
F,
G,
鏖,金
H,
I,
J,
K,
L,
M,
N,
O,
P,
Q,
R,
S,
T,
U,
V,
W,
X,金
Y,金
Z,
[,
\,
],
^,
_,
`,
a,
b,
c,
d,
e,
f,
g,
h,
i,
j,
k,
l,
m,
n,
o,
p,
q,
r,
s,
t,
u,
v,金
w,金
x,
y,
z,
{,
|,
},
~,
,
,
,
,
,
,
,
,
,
,
,
,
,
,
,金
,
,
,
,
,
,金
,
,
,
,
,
,
,
,
,
,
,
,
@,
A,
B,
C,
D,
E,
F,
G,
H,
I,
J,
K,
L,
M,
N,
鐾,金
O,
P,
Q,
R,
S,
T,
U,
V,
W,
X,
Y,
Z,
[,金
\,
],金
^,
_,
`,
a,
b,金
c,
d,
e,
f,
g,
h,
i,
j,
k,
l,
m,
n,
o,
p,
q,
r,
s,
t,
u,
v,
w,
x,
y,
z,
鑫,金
{,
|,
},
~,
,
,
,
,
,
,
,
,
,
,
,
,
,
,
,金
,金
,
,
,
,
,
钅,钅
钆,钅
钇,钅
针,钅
钉,钅
钊,钅
钋,钅
钌,钅
钍,钅
钎,钅
钏,钅
钐,钅
,钅
钒,钅
钓,钅
钔,钅
钕,钅
,钅
钗,钅
,钅
钙,钅
钚,钅
钛,钅
钜,钅
钝,钅
钞,钅
钟,钅
钠,钅
钡,钅
钢,钅
钣,钅
钤,钅
钥,钅
钦,钅
钧,钅
钨,钅
钩,钅
钪,钅
钫,钅
钬,钅
钭,钅
钮,钅
钯,钅
钰,钅
钱,钅
钲,钅
钳,钅
钴,钅
钵,钅
钶,钅
钷,钅
钸,钅
钹,钅
钺,钅
钻,钅
钼,钅
钽,钅
钾,钅
钿,钅
铀,钅
铁,钅
铂,钅
铃,钅
铄,钅
铅,钅
铆,钅
,钅
铈,钅
铉,钅
铊,钅
铋,钅
铌,钅
铍,钅
铎,钅
,钅
铐,钅
铑,钅
铒,钅
,钅
,钅
铕,钅
铖,钅
铗,钅
铘,钅
铙,钅
,钅
铛,钅
铜,钅
铝,钅
铞,钅
铟,钅
铠,钅
铡,钅
铢,钅
铣,钅
铤,钅
铥,钅
,钅
铧,钅
铨,钅
铩,钅
铪,钅
铫,钅
铬,钅
铭,钅
铮,钅
铯,钅
铰,钅
铱,钅
铲,钅
铳,钅
铴,钅
铵,钅
银,钅
铷,钅
铸,钅
铹,钅
铺,钅
,钅
铼,钅
铽,钅
链,钅
铿,钅
销,钅
锁,钅
锂,钅
锃,钅
锄,钅
锅,钅
锆,钅
锇,钅
锈,钅
锉,钅
锊,钅
锋,钅
锌,钅
锍,钅
锎,钅
锏,钅
锐,钅
锑,钅
锒,钅
锓,钅
锔,钅
锕,钅
锖,钅
锗,钅
锘,钅
错,钅
锚,钅
锛,钅
,钅
锝,钅
锞,钅
锟,钅
,钅
锡,钅
锢,钅
锣,钅
锤,钅
锥,钅
锦,钅
@,钅
锨,钅
锩,钅
锪,钅
锫,钅
锬,钅
锭,钅
键,钅
锯,钅
锰,钅
锱,钅
锲,钅
A,钅
锴,钅
锵,钅
锶,钅
锷,钅
锸,钅
锹,钅
锺,钅
锻,钅
锼,钅
B,钅
锾,钅
锿,钅
镀,钅
镁,钅
镂,钅
C,钅
镄,钅
镅,钅
镆,钅
镇,钅
D,钅
镉,钅
镊,钅
E,钅
镌,钅
镍,钅
镎,钅
镏,钅
镐,钅
镑,钅
镒,钅
镓,钅
镔,钅
F,钅
镖,钅
镗,钅
镘,钅
镙,钅
G,钅
镛,钅
镜,钅
镝,钅
镞,钅
镟,钅
H,钅
镡,钅
镢,钅
镣,钅
镤,钅
镥,钅
镦,钅
镧,钅
镨,钅
镩,钅
镪,钅
镫,钅
镬,钅
镭,钅
I,钅
镯,钅
镰,钅
镱,钅
镲,钅
镳,钅
J,钅
K,钅
镶,钅
L,L
M,M
N,M
O,M
P,M
Q,M
R,M
S,M
长,长
T,T
U,T
V,T
W,T
X,T
Y,T
Z,T
[,T
\,T
],T
^,T
_,T
`,T
a,T
b,T
c,T
d,T
e,T
f,T
g,T
h,T
i,T
j,T
k,T
l,T
m,T
n,T
o,T
p,T
q,T
r,T
s,T
t,T
u,T
v,T
w,T
x,T
y,T
z,T
{,T
|,T
},T
~,T
,T
,T
,T
,T
,T
,T
,T
,T
,T
,T
,T
,T
,T
,T
,T
,T
,T
,T
,T
,T
,T
,T
,T
,T
,T
,T
,T
,T
,T
,T
,T
,T
,T
@,T
A,T
B,T
C,T
D,T
E,T
F,T
G,T
H,T
I,T
J,T
K,T
L,T
M,T
N,T
O,T
P,T
Q,T
R,T
S,T
T,T
U,T
V,T
W,T
X,T
Y,T
Z,T
[,T
门,门
闩,门
闪,门
闫,门
\,门
闭,门
问,门
闯,门
闰,门
闱,门
闲,门
闳,门
间,门
闵,门
闶,门
闷,门
闸,门
闹,门
闺,门
闻,门
闼,门
闽,门
闾,门
],门
阀,门
阁,门
阂,门
阃,门
阄,门
阅,门
阆,门
^,门
阈,门
阉,门
阊,门
阋,门
阌,门
阍,门
阎,门
阏,门
阐,门
阑,门
阒,门
_,门
阔,门
阕,门
阖,门
阗,门
`,门
阙,门
阚,门
a,门
阜,阜
阝,阝
b,阝
队,阝
c,阝
阡,阝
阢,阝
d,阝
e,阝
f,阝
g,阝
h,阝
i,阝
j,阝
阪,阝
k,阝
l,阝
m,阝
阮,阝
n,阝
o,阝
阱,阝
防,阝
阳,阝
阴,阝
阵,阝
阶,阝
p,阝
q,阝
r,阝
s,阝
阻,阝
阼,阝
阽,阝
t,阝
阿,阝
陀,阝
u,阝
陂,阝
v,阝
附,阝
际,阝
陆,阝
陇,阝
陈,阝
陉,阝
w,阝
陋,阝
陌,阝
降,阝
x,阝
y,阝
限,阝
z,阝
{,阝
|,阝
陔,阝
陕,阝
},阝
~,阝
,阝
,阝
,阝
陛,阝
,阝
,阝
,阝
陟,阝
,阝
陡,阝
院,阝
,阝
除,阝
,阝
,阝
陧,阝
陨,阝
险,阝
陪,阝
,阝
陬,阝
,阝
,阝
,阝
,阝
,阝
陲,阝
,阝
陴,阝
陵,阝
陶,阝
陷,阝
,阝
,阝
,阝
,阝
,阝
,阝
,阝
,阝
,阝
,阝
,阝
,阝
,阝
隅,阝
隆,阝
,阝
隈,阝
,阝
,阝
隋,阝
@,阝
隍,阝
A,阝
随,阝
隐,阝
B,阝
C,阝
D,阝
隔,阝
E,阝
F,阝
隗,阝
隘,阝
隙,阝
G,阝
H,阝
障,阝
I,阝
J,阝
K,阝
L,阝
M,阝
N,阝
O,阝
P,阝
Q,阝
R,阝
隧,阝
S,阝
T,阝
U,阝
V,阝
W,阝
X,阝
Y,阝
Z,阝
隰,阝
[,阝
\,阝
隳,阝
],阝
^,阝
隶,隶
_,隶
`,隶
隹,隹
a,隹
b,隹
隼,隹
隽,隹
难,隹
c,隹
雀,隹
雁,隹
d,隹
e,隹
雄,隹
雅,隹
集,隹
雇,隹
f,隹
雉,隹
g,隹
h,隹
雌,隹
雍,隹
雎,隹
雏,隹
i,隹
j,隹
雒,隹
k,隹
l,隹
雕,隹
m,隹
n,隹
o,隹
p,隹
q,隹
r,隹
s,隹
t,隹
u,隹
v,隹
雠,隹
w,隹
x,隹
y,隹
z,隹
{,隹
|,隹
},隹
雨,雨
雩,雨
雪,雨
~,雨
,雨
,雨
,雨
雯,雨
,雨
,雨
,雨
雳,雨
,雨
,雨
零,雨
雷,雨
,雨
雹,雨
,雨
,雨
,雨
,雨
雾,雨
,雨
需,雨
霁,雨
,雨
,雨
霄,雨
,雨
霆,雨
震,雨
霈,雨
霉,雨
,雨
,雨
,雨
霍,雨
霎,雨
霏,雨
,雨
,雨
,雨
霓,雨
,雨
,雨
霖,雨
,雨
,雨
,雨
,雨
,雨
霜,雨
,雨
霞,雨
,雨
,雨
@,雨
A,雨
B,雨
C,雨
D,雨
E,雨
F,雨
G,雨
H,雨
霪,雨
I,雨
J,雨
霭,雨
K,雨
L,雨
霰,雨
M,雨
露,雨
N,雨
O,雨
P,雨
Q,雨
R,雨
霸,雨
霹,雨
S,雨
T,雨
U,雨
V,雨
霾,雨
W,雨
X,雨
Y,雨
Z,雨
[,雨
\,雨
],雨
^,雨
_,雨
`,雨
a,雨
b,雨
c,雨
d,雨
e,雨
f,雨
g,雨
h,雨
i,i
青,青
靓,青
j,青
k,青
靖,青
l,青
m,青
静,青
n,青
靛,青
o,青
p,青
非,非
q,非
靠,非
靡,非
面,面
r,r
s,面
靥,面
t,面
u,面
v,面
革,革
w,革
x,革
y,革
z,革
{,革
|,革
},革
~,革
,革
靳,革
靴,革
,革
靶,革
,革
,革
,革
,革
,革
靼,革
,革
,革
,革
,革
,革
,革
,革
,革
鞅,革
,革
,革
,革
,革
,革
鞋,革
,革
鞍,革
,革
,革
,革
鞑,革
鞒,革
,革
鞔,革
,革
,革
,革
鞘,革
,革
,革
,革
,革
,革
@,革
A,革
鞠,革
B,革
C,革
鞣,革
D,革
E,革
F,革
G,革
H,革
I,革
J,革
鞫,革
K,革
鞭,革
L,革
鞯,革
M,革
N,革
鞲,革
O,革
鞴,革
P,革
Q,革
R,革
S,革
T,革
U,革
V,革
W,革
X,革
Y,革
Z,革
[,革
\,革
],革
^,革
_,革
`,革
a,革
b,革
c,革
d,革
e,革
f,f
g,f
h,f
i,f
j,f
k,f
l,f
m,f
n,f
o,f
p,f
q,f
r,f
s,f
t,f
u,f
v,f
w,f
x,f
y,f
z,f
,音
韵,音
韶,音
,音
,音
,音
,音
,音
,音
,音
,音
,音
,音
,
,
,
,
,
,
,
,
,
,
,
,
,
,
@,
A,
B,
C,
D,
E,
F,
G,
H,
I,
J,
K,
L,
M,
N,
O,
P,
Q,
R,
S,
T,
U,
V,
W,
X,
Y,
Z,
[,
\,
],
^,
_,
`,
a,
b,
c,
d,
e,
f,
g,
h,
i,
j,
k,
l,
m,
n,
o,
p,
q,
r,
s,
t,
u,
v,
w,
x,
y,
z,
{,
|,
},
~,
,
,
,
,
,
,
,
,
,
,
,
,
,
,
,
,
,
,
,
,
,
,
,
,
,
,
,
,
,
,
,
,
,
@,
A,
B,
C,
D,
E,
页,页
顶,页
顷,页
顸,页
项,工
顺,页
须,彡
顼,页
顽,页
顾,页
顿,页
颀,页
颁,页
颂,页
颃,页
预,页
颅,页
领,页
颇,皮
颈,页
颉,页
颊,页
F,页
颌,页
颍,页
G,页
颏,页
颐,页
频,页
H,页
颓,页
颔,页
I,页
颖,页
颗,页
题,页
J,页
颚,页
颛,页
颜,页
额,页
颞,页
颟,页
颠,页
颡,页
颢,页
K,页
颤,页
颥,页
颦,页
颧,页
L,L
M,L
N,L
O,L
P,L
Q,L
R,L
S,L
T,L
U,L
V,L
W,L
X,L
Y,L
Z,L
[,L
\,L
],L
^,L
_,L
`,L
a,L
b,L
c,L
d,L
e,L
f,L
g,L
h,L
i,L
j,L
k,L
l,L
m,L
n,L
o,L
p,L
q,L
风,风
r,风
s,风
飑,风
飒,风
飓,风
t,风
飕,风
u,风
v,风
飘,风
飙,风
飚,风
w,飞
x,飞
y,飞
飞,飞
食,z
z,z
{,z
|,z
},z
~,z
,z
,z
飧,z
飨,z
,z
,z
,z
,z
,z
,z
,z
,z
,z
,z
,z
,z
,z
,z
,z
,z
,z
,z
,z
,z
,z
,z
,z
,z
,z
,z
,z
,z
,z
,z
,z
@,z
A,z
B,z
C,z
D,z
餍,z
E,z
F,z
餐,z
G,z
H,z
I,z
J,z
K,z
L,z
M,z
N,z
O,z
P,z
Q,z
R,z
S,z
T,z
U,z
V,z
W,z
X,z
Y,z
Z,z
[,z
\,z
],z
^,z
_,z
`,z
a,z
b,z
c,z
餮,z
d,z
e,z
f,z
g,z
h,z
i,z
j,z
k,z
l,z
m,z
n,z
o,z
p,z
q,z
r,z
s,z
t,z
u,z
v,z
w,z
x,z
y,z
z,z
{,z
|,z
},z
~,z
,z
,z
,z
,z
,z
,z
,z
,z
,z
,z
饔,z
饕,z
,z
,z
,z
,z
,z
,z
,z
,z
,z
,z
,z
,z
,z
饣,饣
,饣
饥,饣
,饣
饧,饣
饨,饣
饩,饣
饪,饣
饫,饣
饬,饣
饭,饣
饮,饣
饯,饣
饰,饣
饱,饣
饲,饣
,饣
饴,饣
饵,饣
饶,饣
饷,饣
,饣
,饣
饺,饣
,饣
饼,饣
饽,饣
,饣
饿,饣
馀,饣
馁,饣
,饣
,饣
馄,饣
馅,饣
馆,饣
馇,饣
馈,饣
,饣
馊,饣
馋,饣
@,饣
馍,饣
A,饣
馏,饣
馐,饣
馑,饣
馒,饣
馓,饣
馔,饣
馕,饣
首,首
馗,首
馘,首
香,香
B,香
C,香
D,香
E,香
F,香
G,香
H,香
I,香
J,香
K,香
L,香
馥,香
M,香
N,香
馨,香
O,香
P,香
Q,香
R,R
S,R
T,R
U,R
V,R
W,R
X,R
Y,R
Z,R
[,R
\,R
],R
^,R
_,R
`,R
a,R
b,R
c,R
d,R
e,R
f,R
g,R
h,R
i,R
j,R
k,R
l,R
m,R
n,R
o,R
p,R
q,R
r,R
s,R
t,R
u,R
v,R
w,R
x,R
y,R
z,R
{,R
|,R
},R
~,R
,R
,R
,R
,R
,R
,R
,R
,R
,R
,R
,R
,R
,R
,R
,R
,R
,R
,R
,R
,R
,R
,R
,R
,R
,R
,R
,R
,R
,R
,R
,R
,R
,R
@,R
A,R
B,R
C,R
D,R
E,R
F,R
G,R
H,R
I,R
J,R
K,R
L,R
M,R
N,R
O,R
P,R
Q,R
R,R
S,R
T,R
U,R
V,R
W,R
X,R
Y,R
Z,R
[,R
\,R
],R
^,R
_,R
`,R
a,R
b,R
c,R
d,R
e,R
f,R
g,R
h,R
i,R
j,R
k,R
l,R
m,R
n,R
o,R
p,R
q,R
r,R
s,R
t,R
u,R
v,R
w,R
x,R
y,R
z,R
{,R
|,R
},R
~,R
,R
,R
,R
,R
,R
,R
,R
,R
,R
,R
,R
,R
,R
,R
,R
,R
,R
,R
,R
,R
,R
,R
,R
,R
,R
,R
,R
,R
,R
,R
,R
,R
,R
@,R
A,R
B,R
C,R
D,R
E,R
F,R
G,R
H,R
I,R
J,R
K,R
L,R
M,R
N,R
O,R
P,R
Q,R
马,马
驭,马
驮,马
驯,马
驰,马
驱,马
R,马
驳,马
驴,马
驵,马
驶,马
驷,马
驸,马
驹,马
驺,马
驻,马
驼,马
驽,马
驾,马
驿,马
骀,马
骁,马
骂,马
S,马
骄,马
骅,马
骆,马
骘,马
Y,马
骚,马
骛,马
骜,马
骝,马
骞,马
骟,马
骠,马
骡,马
骢,马
骣,马
骤,马
骥,马
Z,马
骧,马
骨,骨
[,骨
\,骨
],骨
^,骨
_,骨
`,骨
a,骨
骰,骨
骱,骨
b,骨
c,骨
d,骨
e,骨
骶,骨
骷,骨
骸,骨
f,骨
骺,骨
g,骨
骼,骨
h,骨
i,骨
j,骨
髀,骨
髁,骨
髂,骨
k,骨
l,骨
髅,骨
m,骨
n,骨
o,骨
p,骨
q,骨
髋,骨
髌,骨
r,骨
s,骨
t,骨
u,骨
髑,骨
v,骨
髓,骨
w,骨
x,骨
y,骨
z,骨
高,高
{,高
|,高
},高
~,高
,高
,高
髟,髟
,髟
髡,髟
,髟
,髟
,髟
,髟
髦,髟
,髟
,髟
,髟
,髟
髫,髟
,髟
髭,髟
,髟
髯,髟
,髟
,髟
,髟
,髟
,髟
,髟
,髟
,髟
,髟
髹,髟
,髟
髻,髟
,髟
,髟
,髟
,髟
,髟
,髟
,髟
鬃,髟
,髟
,髟
,髟
@,髟
鬈,髟
A,髟
B,髟
C,髟
D,髟
E,髟
F,髟
鬏,髟
G,髟
H,髟
I,髟
鬓,髟
J,髟
K,髟
L,髟
M,髟
N,髟
O,髟
P,髟
Q,髟
R,髟
S,髟
T,髟
鬟,髟
U,髟
V,髟
W,髟
鬣,髟
X,髟
Y,Y
Z,Y
[,Y
\,Y
],Y
^,Y
_,Y
`,Y
a,Y
b,Y
鬯,鬯
c,鬯
d,鬯
鬲,鬲
e,鬲
f,鬲
g,鬲
h,鬲
i,鬲
j,鬲
k,鬲
l,鬲
鬻,鬲
鬼,鬼
m,鬼
n,鬼
o,鬼
p,鬼
魁,鬼
魂,鬼
魃,鬼
魄,鬼
魅,鬼
q,鬼
魇,鬼
魈,鬼
魉,鬼
r,鬼
s,鬼
t,鬼
魍,鬼
u,鬼
魏,鬼
v,鬼
魑,鬼
w,鬼
x,鬼
魔,鬼
y,鬼
z,鬼
{,鬼
|,鬼
},鬼
~,~
,~
,~
,~
,~
,~
,~
,~
,~
,~
,~
,~
,~
,~
,~
,~
,~
,~
,~
,~
,~
,~
,~
,~
,~
,~
,~
,~
,~
,~
,~
,~
,~
,~
@,~
A,~
B,~
C,~
D,~
E,~
F,~
G,~
H,~
I,~
J,~
K,~
L,~
M,~
N,~
O,~
P,~
Q,~
R,~
S,~
T,~
U,~
V,~
W,~
X,~
Y,~
Z,~
[,~
\,~
],~
^,~
_,~
`,~
a,~
b,~
c,~
d,~
e,~
f,~
g,~
h,~
i,~
j,~
k,~
l,~
m,~
n,~
o,~
p,~
q,~
r,~
s,~
t,~
u,~
v,~
w,~
x,~
y,~
z,~
{,~
|,~
},~
~,~
,~
,~
,~
,~
,~
,~
,~
,~
,~
,~
,~
,~
,~
,~
,~
,~
,~
,~
,~
,~
,~
,~
,~
,~
,~
,~
,~
,~
,~
,~
,~
,~
,~
@,~
A,~
B,~
C,~
D,~
E,~
F,~
G,~
H,~
I,~
J,~
K,~
L,~
M,~
N,~
O,~
P,~
Q,~
R,~
S,~
T,~
U,~
V,~
W,~
X,~
Y,~
Z,~
[,~
\,~
],~
^,~
_,~
`,~
a,~
b,~
c,~
d,~
e,~
f,~
g,~
h,~
i,~
j,~
k,~
l,~
m,~
n,~
o,~
p,~
q,~
r,~
s,~
t,~
u,~
v,~
w,~
x,~
y,~
z,~
{,~
|,~
},~
~,~
,~
,~
,~
,~
,~
,~
,~
,~
,~
,~
,~
,~
,~
,~
,~
,~
,~
,~
,~
,~
,~
,~
,~
,~
,~
,~
,~
,~
,~
,~
,~
,~
,~
@,~
A,~
B,~
C,~
D,~
E,~
F,~
G,~
H,~
I,~
J,~
K,~
L,~
M,~
N,~
O,~
P,~
Q,~
R,~
S,~
T,~
U,~
V,~
W,~
X,~
Y,~
Z,~
[,~
\,~
o,~
p,~
q,~
r,~
s,~
t,~
u,~
v,~
w,~
x,~
y,~
z,~
{,~
|,~
},~
~,~
,~
鱼,鱼
,鱼
,鱼
鱿,鱼
,鱼
鲁,鱼
鲂,鱼
,鱼
,鱼
鲅,鱼
鲆,鱼
鲇,鱼
鲈,鱼
,鱼
,鱼
鲋,鱼
,鱼
鲍,鱼
鲎,鱼
,鱼
鲐,鱼
鲑,鱼
鲒,鱼
,鱼
鲔,鱼
鲕,鱼
,鱼
,鱼
,鱼
,鱼
鲚,鱼
鲛,鱼
鲜,鱼
,鱼
鲞,鱼
鲟,鱼
鲠,鱼
鲡,鱼
鲢,鱼
鲣,鱼
鲤,鱼
鲥,鱼
鲦,鱼
鲧,鱼
鲨,鱼
鲩,鱼
,鱼
鲫,鱼
,鱼
鲭,鱼
鲮,鱼
,鱼
鲰,鱼
鲱,鱼
鲲,鱼
鲳,鱼
鲴,鱼
鲵,鱼
鲶,鱼
鲷,鱼
鲸,鱼
,鱼
鲺,鱼
鲻,鱼
鲼,鱼
鲽,鱼
,鱼
,鱼
,鱼
,鱼
,鱼
鳃,鱼
鳄,鱼
鳅,鱼
鳆,鱼
鳇,鱼
,鱼
,鱼
鳊,鱼
鳋,鱼
鳌,鱼
鳍,鱼
鳎,鱼
鳏,鱼
鳐,鱼
,鱼
,鱼
鳓,鱼
鳔,鱼
鳕,鱼
鳖,鱼
鳗,鱼
鳘,鱼
鳙,鱼
,鱼
,鱼
鳜,鱼
鳝,鱼
鳞,鱼
鳟,鱼
,鱼
,鱼
鳢,鱼
@,鱼
A,鱼
B,B
C,B
D,B
E,B
F,B
G,B
H,B
I,丿
J,B
K,B
L,B
M,B
N,B
O,B
P,B
Q,B
R,B
S,B
T,B
U,B
V,B
W,B
X,B
Y,B
Z,B
[,B
\,B
],B
^,B
_,B
`,B
a,B
b,B
c,B
d,B
e,B
f,B
g,B
h,B
i,B
j,B
k,B
l,B
m,B
n,B
o,B
p,B
q,B
r,B
s,B
t,B
u,B
v,B
w,B
x,B
y,B
z,B
{,B
|,B
},B
~,B
,B
,B
,B
,B
,B
,B
,B
,B
,B
,B
,B
,B
,B
,B
,B
,B
,B
,B
,B
,B
,B
,B
,B
,B
,B
,B
,B
,B
,B
,B
,B
,B
,B
@,B
A,B
B,B
C,B
D,B
E,B
F,B
G,B
H,B
I,B
J,B
K,B
L,B
M,B
N,B
O,B
P,B
Q,B
R,B
S,B
T,B
U,B
V,B
W,B
X,B
Y,B
Z,B
[,B
\,B
],B
^,B
_,B
`,B
a,B
b,B
c,B
d,B
e,B
f,B
g,B
h,B
i,B
j,B
k,B
l,B
m,B
n,B
o,B
p,B
q,B
r,B
s,B
t,B
u,B
v,B
w,B
x,B
y,B
z,B
{,B
|,B
},B
~,B
,B
,B
,B
,B
,B
,B
,B
,B
,B
,B
,B
,B
,B
,B
,B
,B
,B
,B
,B
,B
,B
,B
,B
,B
,B
,B
,B
,B
,B
,B
,B
,B
,B
@,B
A,B
B,B
C,B
D,B
E,B
F,B
G,B
H,B
I,B
J,B
K,B
L,B
M,B
N,B
O,B
P,B
Q,B
R,B
S,B
T,B
U,B
V,B
W,B
X,B
Y,B
Z,B
[,B
\,B
],B
^,B
_,B
`,B
a,B
b,B
c,B
d,B
e,B
f,B
g,B
h,B
i,B
j,B
k,B
l,B
m,B
n,B
o,B
p,B
q,B
r,B
s,B
t,B
u,B
v,B
w,B
x,B
y,B
z,B
{,B
|,B
},B
~,B
,B
,B
,B
,B
,B
,B
,B
,B
,B
,B
,B
,B
,B
,B
,B
,B
,B
,B
,B
,B
,B
,B
,B
,B
,B
,B
,B
,B
,B
,B
,B
,B
,B
@,B
A,B
B,B
C,B
D,B
E,B
F,B
G,B
H,B
I,B
J,B
K,B
L,B
M,B
N,B
O,B
P,B
Q,B
R,B
S,B
T,B
U,B
V,B
W,B
X,B
Y,B
Z,B
[,B
鸟,鸟
鸠,鸟
鸡,鸟
鸢,鸟
鸣,鸟
\,鸟
鸥,鸟
鸦,鸟
],鸟
鸨,鸟
鸩,鸟
鸪,鸟
鸫,鸟
鸬,鸟
鸭,鸟
^,鸟
鸯,鸟
_,鸟
鸱,鸟
鸲,鸟
鸳,鸟
`,鸟
鸵,鸟
鸶,鸟
鸷,鸟
鸸,鸟
鸹,鸟
鸺,鸟
a,鸟
b,鸟
鸽,鸟
鸾,鸟
鸿,鸟
c,鸟
鹁,鸟
鹂,鸟
鹃,鸟
鹄,鸟
鹅,鸟
鹆,鸟
鹇,鸟
鹈,鸟
鹉,鸟
鹊,鸟
鹋,鸟
鹌,鸟
d,鸟
鹎,鸟
鹏,鸟
e,鸟
鹑,鸟
f,鸟
g,鸟
h,鸟
鹕,鸟
i,鸟
鹗,鸟
鹘,鸟
j,鸟
鹚,鸟
鹛,鸟
鹜,鸟
k,鸟
鹞,鸟
l,鸟
m,鸟
n,鸟
o,鸟
鹣,鸟
鹤,鸟
p,鸟
鹦,鸟
鹧,鸟
鹨,鸟
鹩,鸟
鹪,鸟
鹫,鸟
鹬,鸟
鹭,鸟
q,鸟
r,鸟
鹰,鸟
鹱,鸟
s,鸟
鹳,鸟
t,鸟
u,u
v,u
w,u
x,u
y,u
z,u
{,u
|,u
},u
鹾,卤
鹿,鹿
~,鹿
,鹿
麂,鹿
,鹿
,鹿
,鹿
,鹿
麇,鹿
麈,鹿
,鹿
,鹿
麋,鹿
,鹿
,鹿
,鹿
,鹿
,鹿
,鹿
麒,鹿
,鹿
,鹿
,
麦,麦
,
,
,
,
@,
A,
B,
C,
D,
E,
F,
G,
H,
麴,
I,
J,
K,
麸,麦
L,麦
M,麦
麻,麻
N,麻
麽,麻
麾,麻
O,麻
P,麻
Q,麻
R,麻
S,黄
黄,黄
T,黄
U,黄
V,黄
W,黄
黉,黄
X,黄
Y,黄
Z,黄
黍,黍
黎,黍
黏,黍
[,黍
黑,黑
\,\
],黑
黔,黑
^,黑
_,黑
`,黑
默,黑
a,黑
b,黑
黛,黑
黜,黑
黝,黑
c,黑
黟,黑
黠,黑
d,黑
黢,黑
e,黑
f,黑
黥,黑
g,黑
黧,黑
h,黑
黩,黑
黪,黑
i,黑
j,黑
k,黑
l,黑
黯,黑
m,黑
n,黑
o,黑
p,黑
q,黑
r,黑
s,黑
t,黑
u,黑
黹,黹
v,黹
黻,黹
黼,黹
w,w
黾,口
x,w
y,w
z,w
{,w
|,w
},w
~,w
,w
,w
,w
,w
,w
鼋,w
,w
鼍,w
鼎,鼎
,鼎
鼐,鼎
,鼎
,鼎
鼓,鼓
,鼓
,鼓
,鼓
鼗,鼓
,鼓
鼙,鼓
,鼓
,鼓
,鼓
,鼓
,鼓
,鼓
鼠,鼠
,丶
鼢,鼠
,鼠
,鼠
,鼠
,鼠
,鼠
,鼠
,鼠
,鼠
,鼠
鼬,鼠
,鼠
,鼠
鼯,鼠
,鼠
,鼠
@,鼠
A,鼠
B,鼠
C,鼠
D,鼠
鼷,鼠
E,鼠
鼹,鼠
F,鼠
鼻,鼻
G,鼻
鼽,鼻
鼾,鼻
H,鼻
I,鼻
J,鼻
K,鼻
L,鼻
齄,鼻
M,鼻
N,鼻
O,鼻
P,鼻
Q,鼻
R,R
S,R
T,R
U,R
V,R
W,R
齐,齐
齑,齐
X,X
Y,X
Z,X
[,X
\,X
],X
^,X
_,X
`,X
a,X
b,X
c,X
d,X
e,X
f,X
g,X
h,X
i,X
j,X
k,X
l,X
m,X
n,X
o,X
p,X
q,X
r,X
s,X
t,X
u,X
v,X
w,X
x,X
y,X
z,X
{,X
|,X
},X
~,X
,X
,X
,X
,X
,X
,X
齿,齿
龀,齿
,齿
,齿
龃,齿
龄,齿
龅,齿
龆,齿
龇,齿
龈,齿
龉,齿
龊,齿
龋,齿
龌,齿
,
,
,
,
,
,
,
,
,
,
,
,
龙,龙
龚,龙
龛,龙
,难检字
,禾
,难检字
龟,刀
龠,龠
,龠
,龠
,龠
,龠
,龠
麝,鹿
音,音
担,扌
投,扌
碴,石
骇,马
骐,马
辩,辛
骊,马
渣,氵
骈,马
抄,扌
抖,扌
拎,扌
渝,氵
拌,扌
据,扌
货,贝
薰,艹
辣,辛
捞,扌
渤,氵
,扌
仿,亻
拆,扌
抿,扌
皖,白
贤,贝
企,人
T,马
崴,山
拇,扌
贡,贝
骏,马
皎,白
伊,亻
捧,扌
拄,扌
韧,韦
份,亻
崮,山
棠,木
薯,艹
骗,马
|,白
骑,马
验,马
抑,扌
抗,扌
`,艹
骖,马
抒,扌
窈,穴
抽,扌
碰,石
拈,扌
褪,衤
换,扌
骋,马
渠,氵
韬,韦
辟,辛
拊,扌
崭,山
拍,扌
皓,白
碱,石
奋,大
棚,木
韩,韦
贞,贝
崩,山
负,贝
麟,鹿
抓,扌
骓,马
捶,扌
抉,扌
碳,石
毽,毛
窍,穴
拂,扌
麓,鹿
押,扌
责,贝
辨,辛
拉,扌
财,贝
捣,扌
薪,艹
败,贝
辞,辛
皑,白
韦,韦
账,贝
渡,氵
韭,韭
捡,扌
嬉,女
,女
,山
,扌
,亻
,女
g,~
,亻
Z,石
,女
_,扌
t,氵
,山
b,艹
z,白
,女
a,扌
,女
,鹿
褴,衤
~,扌
,亻
,毛
,山
,鹿
x,白
,鹿
,
,衤
i,~
,扌
崦,山
w,白
,韭
,女
r,氵
,扌
耱,耒
m,~
j,辛
,山
,木
,鹿
,金
b,~
^,~
c,i
骒,马
,扌
X,马
,毛
渥,氵
,女
\,石
,
嬖,女
q,氵
捭,扌
崤,山
|,扌
,毛
M,山
,金
l,辛
,山
,
b,扌
i,耒
c,艹
O,山
捩,扌
l,~
,山
捱,扌
,扌
`,~
W,马
薮,艹
,鹿
\,扌
,扌
,毛
,鹿
崧,山
,韦
K,
`,扌
,扌
,亻
,衣
_,~
,鹿
褫,衤
,女
,毛
,扌
,女
a,艹
韫,韦
N,山
碲,石
,亻
,鹿
,亻
v,白
{,白
],扌
y,白
,女
,山
,女
d,扌
Z,扌
,木
e,糸
{,f
,韭
,亻
,扌
,穴
v,氵
,木
,山
e,扌
,女
h,耒
e,辛
i,i
,穴
伉,亻
,毛
,衣
,女
,穴
,山
,山
,扌
b,i
,韭
薨,艹
O,贝
V,马
c,扌
,山
,亻
韪,韦
,毛
,山
,穴
,女
,毛
},f
h,i
g,辛
,山
,山
,
,毛
耵,耳
L,山
,扌
,鹿
|,f
,扌
s,氵
f,扌
,穴
,亻
毹,毛
,穴
},扌
,鹿
[,扌
,亻
U,马
,鹿
,
,山
^,扌
k,耳
,亻
,
,山
d,~
,木
],~
,山
~,f
,韭
,
g,扌
h,~
,毛
褰,衣
